version,test,result,notes
cstone,build,pass,"commit d7fddfb4f8d8ada0eb1a65d1a450a66c8cbd794c"
cstone,component_units,pass,"log: logs/test/cstone_component_units.log"
cstone,component_units_cuda,pass,"log: logs/test/cstone_component_units_cuda.log"
cstone,harness_smoke_octree_leafcount,pass,"log: logs/test/cstone_harness_smoke_octree_leafcount.log"
cstone,harness_invariants_octree_leafcount,pass,"leaves=[512, 512] nodes=[585, 585] depth=[3, 3]"
v1,build,pass,"commit e7bd16a8ad2be3cb1a245ce7fe4d8ea167164025"
v1,adaptive_octree_test,pass,"log: logs/test/v1_adaptive_octree_test.log"
v1,harness_smoke_octree_leafcount,pass,"log: logs/test/v1_harness_smoke_octree_leafcount.log"
v1,harness_invariants_octree_leafcount,pass,"leaves=[512, 512] nodes=[585, 585] depth=[3, 3]"
v1,harness_smoke_octree_nfcount,pass,"log: logs/test/v1_harness_smoke_octree_nfcount.log"
v1,harness_invariants_octree_nfcount,pass,"leaves=[512, 512] nodes=[585, 585] depth=[3, 3]"
v2,build,pass,"commit ea89b79a9dfd35df20fed759e6d15c60fe01e77c"
v2,adaptive_octree_test,pass,"log: logs/test/v2_adaptive_octree_test.log"
v2,octree_regression_test,pass,"log: logs/test/v2_octree_regression_test.log"
v2,harness_smoke_octree_leafcount,pass,"log: logs/test/v2_harness_smoke_octree_leafcount.log"
v2,harness_invariants_octree_leafcount,pass,"leaves=[512, 512] nodes=[585, 585] depth=[3, 3]"
v2,harness_smoke_octree_nfcount,pass,"log: logs/test/v2_harness_smoke_octree_nfcount.log"
v2,harness_invariants_octree_nfcount,pass,"leaves=[512, 512] nodes=[585, 585] depth=[3, 3]"
v3,build,pass,"commit d830fc32ff2631e4e1344dc30b3e09c3b9690bed"
v3,tree_test,pass,"log: logs/test/v3_tree_test.log"
v3,tree_example,pass,"log: logs/test/v3_tree_example.log"
v3,harness_smoke_octree_leafcount,pass,"log: logs/test/v3_harness_smoke_octree_leafcount.log"
v3,harness_invariants_octree_leafcount,pass,"leaves=[512, 512] nodes=[585, 585] depth=[3, 3]"
v3,harness_smoke_octree_nfcount,pass,"log: logs/test/v3_harness_smoke_octree_nfcount.log"
v3,harness_invariants_octree_nfcount,pass,"leaves=[512, 512] nodes=[585, 585] depth=[3, 3]"
v3,harness_smoke_kdtree3d_leafcount,pass,"log: logs/test/v3_harness_smoke_kdtree3d_leafcount.log"
v3,harness_invariants_kdtree3d_leafcount,pass,"leaves=[155, 154] nodes=[309, 307] depth=[8, 8]"
cstone,leafcount_vs_v3_coulomb_explosion,pass,"7088/7088 snapshots identical; converged-tree violations (overfull leaves / mergeable groups) mean|max: v3 0.0|0 / 0.0|0, cstone 0 / 0 (data/cstone_leafcount_check_coulomb_explosion.csv)"
cstone,leafcount_vs_v3_flyby,mismatch,"9/1201 snapshots identical; first mismatch snapshot 8: v3 38235 vs cstone 38228 leaves; max |diff| 1358; converged-tree violations (overfull leaves / mergeable groups) mean|max: v3 58.9|479 / 38.1|264, cstone 0 / 0 (data/cstone_leafcount_check_flyby.csv)"
cstone,leafcount_vs_v3_dense_halo,mismatch,"1/2 snapshots identical; first mismatch snapshot 1: v3 1712817 vs cstone 1711746 leaves; max |diff| 1071; converged-tree violations (overfull leaves / mergeable groups) mean|max: v3 1.0|2 / 75.0|150, cstone 0 / 0 (data/cstone_leafcount_check_dense_halo.csv)"
cstone,leafcount_vs_v3_nacl,pass,"2/2 snapshots identical; converged-tree violations (overfull leaves / mergeable groups) mean|max: v3 0.0|0 / 0.0|0, cstone 0 / 0 (data/cstone_leafcount_check_nacl.csv)"
cstone,leafcount_vs_v3_stmv,pass,"2/2 snapshots identical; converged-tree violations (overfull leaves / mergeable groups) mean|max: v3 0.0|0 / 0.0|0, cstone 0 / 0 (data/cstone_leafcount_check_stmv.csv)"
cstone,leafcount_vs_v3_cluster,pass,"53/53 snapshots identical; converged-tree violations (overfull leaves / mergeable groups) mean|max: v3 0.0|0 / 0.0|0, cstone 0 / 0 (data/cstone_leafcount_check_cluster.csv)"
cstone,leafcount_vs_v3_cluster_full,pass,"201/201 snapshots identical; converged-tree violations (overfull leaves / mergeable groups) mean|max: v3 0.0|0 / 0.0|0, cstone 0 / 0 (data/cstone_leafcount_check_cluster_full.csv)"
