dataset,snapshot,frame_id,v3_leaves,cstone_leaves,leaf_arrays_identical,cstone_iterations,particles_active,v3_overfull_leaves,v3_mergeable_groups,cstone_overfull_leaves,cstone_mergeable_groups
cluster,0,0,743,743,1,6,10000,0,0,0,0
cluster,1,1,729,729,1,6,10000,0,0,0,0
cluster,2,2,743,743,1,6,10000,0,0,0,0
cluster,3,3,729,729,1,6,10000,0,0,0,0
cluster,4,4,743,743,1,6,10000,0,0,0,0
cluster,5,5,736,736,1,6,10000,0,0,0,0
cluster,6,6,729,729,1,6,10000,0,0,0,0
cluster,7,7,722,722,1,6,10000,0,0,0,0
cluster,8,8,715,715,1,6,10000,0,0,0,0
cluster,9,9,750,750,1,6,10000,0,0,0,0
cluster,10,10,750,750,1,6,10000,0,0,0,0
cluster,11,11,757,757,1,6,10000,0,0,0,0
cluster,12,12,764,764,1,6,10000,0,0,0,0
cluster,13,13,729,729,1,6,10000,0,0,0,0
cluster,14,14,708,708,1,6,10000,0,0,0,0
cluster,15,15,708,708,1,6,10000,0,0,0,0
cluster,16,16,715,715,1,6,10000,0,0,0,0
cluster,17,17,722,722,1,6,10000,0,0,0,0
cluster,18,18,715,715,1,6,10000,0,0,0,0
cluster,19,19,722,722,1,6,10000,0,0,0,0
cluster,20,20,736,736,1,6,10000,0,0,0,0
cluster,21,21,729,729,1,6,10000,0,0,0,0
cluster,22,22,736,736,1,6,10000,0,0,0,0
cluster,23,23,708,708,1,6,10000,0,0,0,0
cluster,24,24,708,708,1,6,10000,0,0,0,0
cluster,25,25,715,715,1,6,10000,0,0,0,0
cluster,26,26,715,715,1,6,10000,0,0,0,0
cluster,27,27,736,736,1,6,10000,0,0,0,0
cluster,28,28,722,722,1,6,10000,0,0,0,0
cluster,29,29,715,715,1,6,10000,0,0,0,0
cluster,30,30,701,701,1,6,10000,0,0,0,0
cluster,31,31,743,743,1,6,10000,0,0,0,0
cluster,32,32,701,701,1,6,10000,0,0,0,0
cluster,33,33,708,708,1,6,10000,0,0,0,0
cluster,34,34,715,715,1,6,10000,0,0,0,0
cluster,35,35,701,701,1,6,10000,0,0,0,0
cluster,36,36,715,715,1,6,10000,0,0,0,0
cluster,37,37,708,708,1,6,10000,0,0,0,0
cluster,38,38,701,701,1,6,10000,0,0,0,0
cluster,39,39,715,715,1,6,10000,0,0,0,0
cluster,40,40,743,743,1,6,10000,0,0,0,0
cluster,41,41,729,729,1,6,10000,0,0,0,0
cluster,42,42,708,708,1,5,10000,0,0,0,0
cluster,43,43,694,694,1,6,10000,0,0,0,0
cluster,44,44,722,722,1,6,10000,0,0,0,0
cluster,45,45,715,715,1,6,10000,0,0,0,0
cluster,46,46,701,701,1,6,10000,0,0,0,0
cluster,47,47,701,701,1,5,10000,0,0,0,0
cluster,48,48,715,715,1,5,10000,0,0,0,0
cluster,49,49,708,708,1,5,10000,0,0,0,0
cluster,50,50,736,736,1,5,10000,0,0,0,0
cluster,51,51,715,715,1,5,10000,0,0,0,0
cluster,52,52,708,708,1,6,10000,0,0,0,0
