version,commit,path,config,dataset,runs,snapshots,nondeterministic_snapshots,structurally_deterministic
cstone,d7fddfb4f8d8ada0eb1a65d1a450a66c8cbd794c,direct,octree_leafcount,cluster,10,53,0.0,True
cstone,d7fddfb4f8d8ada0eb1a65d1a450a66c8cbd794c,direct,octree_leafcount,coulomb_explosion,10,7088,0.0,True
cstone,d7fddfb4f8d8ada0eb1a65d1a450a66c8cbd794c,direct,octree_leafcount,dense_halo,10,2,0.0,True
cstone,d7fddfb4f8d8ada0eb1a65d1a450a66c8cbd794c,direct,octree_leafcount,flyby,10,1201,0.0,True
cstone,d7fddfb4f8d8ada0eb1a65d1a450a66c8cbd794c,direct,octree_leafcount,nacl,10,2,0.0,True
cstone,d7fddfb4f8d8ada0eb1a65d1a450a66c8cbd794c,direct,octree_leafcount,stmv,10,2,0.0,True
v1,e7bd16a8ad2be3cb1a245ce7fe4d8ea167164025,direct,octree_leafcount,cluster,10,53,0.0,True
v1,e7bd16a8ad2be3cb1a245ce7fe4d8ea167164025,direct,octree_leafcount,coulomb_explosion,10,7088,0.0,True
v1,e7bd16a8ad2be3cb1a245ce7fe4d8ea167164025,direct,octree_leafcount,dense_halo,10,2,0.0,True
v1,e7bd16a8ad2be3cb1a245ce7fe4d8ea167164025,direct,octree_leafcount,flyby,10,1201,0.0,True
v1,e7bd16a8ad2be3cb1a245ce7fe4d8ea167164025,direct,octree_leafcount,nacl,10,2,0.0,True
v1,e7bd16a8ad2be3cb1a245ce7fe4d8ea167164025,direct,octree_leafcount,stmv,10,2,0.0,True
v1,e7bd16a8ad2be3cb1a245ce7fe4d8ea167164025,direct,octree_nfcount,cluster,10,53,0.0,True
v1,e7bd16a8ad2be3cb1a245ce7fe4d8ea167164025,direct,octree_nfcount,coulomb_explosion,10,7088,0.0,True
v1,e7bd16a8ad2be3cb1a245ce7fe4d8ea167164025,direct,octree_nfcount,dense_halo,10,2,0.0,True
v1,e7bd16a8ad2be3cb1a245ce7fe4d8ea167164025,direct,octree_nfcount,flyby,10,1201,0.0,True
v1,e7bd16a8ad2be3cb1a245ce7fe4d8ea167164025,direct,octree_nfcount,nacl,10,2,0.0,True
v1,e7bd16a8ad2be3cb1a245ce7fe4d8ea167164025,direct,octree_nfcount,stmv,10,2,0.0,True
v2,ea89b79a9dfd35df20fed759e6d15c60fe01e77c,direct,octree_leafcount,cluster,10,53,0.0,True
v2,ea89b79a9dfd35df20fed759e6d15c60fe01e77c,direct,octree_leafcount,coulomb_explosion,10,7088,0.0,True
v2,ea89b79a9dfd35df20fed759e6d15c60fe01e77c,direct,octree_leafcount,dense_halo,10,2,0.0,True
v2,ea89b79a9dfd35df20fed759e6d15c60fe01e77c,direct,octree_leafcount,flyby,10,1201,0.0,True
v2,ea89b79a9dfd35df20fed759e6d15c60fe01e77c,direct,octree_leafcount,nacl,10,2,0.0,True
v2,ea89b79a9dfd35df20fed759e6d15c60fe01e77c,direct,octree_leafcount,stmv,10,2,0.0,True
v2,ea89b79a9dfd35df20fed759e6d15c60fe01e77c,direct,octree_nfcount,cluster,10,53,0.0,True
v2,ea89b79a9dfd35df20fed759e6d15c60fe01e77c,direct,octree_nfcount,coulomb_explosion,10,7088,0.0,True
v2,ea89b79a9dfd35df20fed759e6d15c60fe01e77c,direct,octree_nfcount,dense_halo,10,2,0.0,True
v2,ea89b79a9dfd35df20fed759e6d15c60fe01e77c,direct,octree_nfcount,flyby,10,1201,0.0,True
v2,ea89b79a9dfd35df20fed759e6d15c60fe01e77c,direct,octree_nfcount,nacl,10,2,0.0,True
v2,ea89b79a9dfd35df20fed759e6d15c60fe01e77c,direct,octree_nfcount,stmv,10,2,0.0,True
v3,d830fc32ff2631e4e1344dc30b3e09c3b9690bed,graph,kdtree3d_leafcount,cluster,10,53,0.0,True
v3,d830fc32ff2631e4e1344dc30b3e09c3b9690bed,graph,kdtree3d_leafcount,cluster_full,10,201,0.0,True
v3,d830fc32ff2631e4e1344dc30b3e09c3b9690bed,graph,kdtree3d_leafcount,coulomb_explosion,10,7088,0.0,True
v3,d830fc32ff2631e4e1344dc30b3e09c3b9690bed,graph,kdtree3d_leafcount,dense_halo,10,2,0.0,True
v3,d830fc32ff2631e4e1344dc30b3e09c3b9690bed,graph,kdtree3d_leafcount,flyby,10,1201,0.0,True
v3,d830fc32ff2631e4e1344dc30b3e09c3b9690bed,graph,kdtree3d_leafcount,nacl,10,2,0.0,True
v3,d830fc32ff2631e4e1344dc30b3e09c3b9690bed,graph,kdtree3d_leafcount,stmv,10,2,0.0,True
v3,d830fc32ff2631e4e1344dc30b3e09c3b9690bed,graph,octree_leafcount,cluster,10,53,0.0,True
v3,d830fc32ff2631e4e1344dc30b3e09c3b9690bed,graph,octree_leafcount,cluster_full,11,201,0.0,True
v3,d830fc32ff2631e4e1344dc30b3e09c3b9690bed,graph,octree_leafcount,coulomb_explosion,10,7088,0.0,True
v3,d830fc32ff2631e4e1344dc30b3e09c3b9690bed,graph,octree_leafcount,dense_halo,10,2,0.0,True
v3,d830fc32ff2631e4e1344dc30b3e09c3b9690bed,graph,octree_leafcount,flyby,10,1201,0.0,True
v3,d830fc32ff2631e4e1344dc30b3e09c3b9690bed,graph,octree_leafcount,nacl,10,2,0.0,True
v3,d830fc32ff2631e4e1344dc30b3e09c3b9690bed,graph,octree_leafcount,stmv,10,2,0.0,True
v3,d830fc32ff2631e4e1344dc30b3e09c3b9690bed,graph,octree_nfcount,cluster,10,53,0.0,True
v3,d830fc32ff2631e4e1344dc30b3e09c3b9690bed,graph,octree_nfcount,cluster_full,10,201,0.0,True
v3,d830fc32ff2631e4e1344dc30b3e09c3b9690bed,graph,octree_nfcount,coulomb_explosion,10,7088,0.0,True
v3,d830fc32ff2631e4e1344dc30b3e09c3b9690bed,graph,octree_nfcount,dense_halo,10,2,0.0,True
v3,d830fc32ff2631e4e1344dc30b3e09c3b9690bed,graph,octree_nfcount,flyby,10,1201,0.0,True
v3,d830fc32ff2631e4e1344dc30b3e09c3b9690bed,graph,octree_nfcount,nacl,10,2,0.0,True
v3,d830fc32ff2631e4e1344dc30b3e09c3b9690bed,graph,octree_nfcount,stmv,10,2,0.0,True
