input,implementation,split_criterion,bucket,particles,phase,statistic,value_ms,std_ms,min_ms,max_ms,median_ms,ci_low,ci_high,repetitions,steps_per_repetition,warmup_steps_excluded,gpu,note
coulomb_early,dense,not applicable,,114537,common,mean (source),0.1591732812953125,0.0055026920105286,0.1530921163359375,0.1669161301796875,,,,5,128,20,NVIDIA RTX 5060 Ti 16GB,not re-measured: FMM harness/raw samples unavailable here; source reports mean/std/min/max over repetitions; FMM not split into far/near field
coulomb_early,dense,not applicable,,114537,tree,mean (source),0.0,0.0,0.0,0.0,,,,5,128,20,NVIDIA RTX 5060 Ti 16GB,not re-measured: FMM harness/raw samples unavailable here; source reports mean/std/min/max over repetitions; FMM not split into far/near field
coulomb_early,dense,not applicable,,114537,view,mean (source),0.0,0.0,0.0,0.0,,,,5,128,20,NVIDIA RTX 5060 Ti 16GB,not re-measured: FMM harness/raw samples unavailable here; source reports mean/std/min/max over repetitions; FMM not split into far/near field
coulomb_early,dense,not applicable,,114537,lists,mean (source),1.7449075e-05,1.8785805646916264e-06,1.6256171875e-05,2.07691796875e-05,,,,5,128,20,NVIDIA RTX 5060 Ti 16GB,not re-measured: FMM harness/raw samples unavailable here; source reports mean/std/min/max over repetitions; FMM not split into far/near field
coulomb_early,dense,not applicable,,114537,fmm,mean (source),11.11120327478125,0.030640112222216,11.076940063515623,11.13670010090625,,,,5,128,20,NVIDIA RTX 5060 Ti 16GB,not re-measured: FMM harness/raw samples unavailable here; source reports mean/std/min/max over repetitions; FMM not split into far/near field
coulomb_early,first_complete,LeafCount,64.0,114537,common,mean (source),0.1282826855390625,0.0015182799611409,0.12637441065625,0.1303442076953125,,,,5,128,20,NVIDIA RTX 5060 Ti 16GB,not re-measured: FMM harness/raw samples unavailable here; source reports mean/std/min/max over repetitions; FMM not split into far/near field
coulomb_early,first_complete,LeafCount,64.0,114537,tree,mean (source),1.962577942325,0.0103906014493076,1.949205227,1.9734446905390624,,,,5,128,20,NVIDIA RTX 5060 Ti 16GB,not re-measured: FMM harness/raw samples unavailable here; source reports mean/std/min/max over repetitions; FMM not split into far/near field
coulomb_early,first_complete,LeafCount,64.0,114537,view,mean (source),1.3895692907625,0.0044270181721863,1.383608818296875,1.3946121780390626,,,,5,128,20,NVIDIA RTX 5060 Ti 16GB,not re-measured: FMM harness/raw samples unavailable here; source reports mean/std/min/max over repetitions; FMM not split into far/near field
coulomb_early,first_complete,LeafCount,64.0,114537,lists,mean (source),1.1889667352390625,0.0092306709565761,1.1774425784375,1.20049816178125,,,,5,128,20,NVIDIA RTX 5060 Ti 16GB,not re-measured: FMM harness/raw samples unavailable here; source reports mean/std/min/max over repetitions; FMM not split into far/near field
coulomb_early,first_complete,LeafCount,64.0,114537,fmm,mean (source),9.171606314703125,0.0225381748236116,9.136335171171876,9.198866158851562,,,,5,128,20,NVIDIA RTX 5060 Ti 16GB,not re-measured: FMM harness/raw samples unavailable here; source reports mean/std/min/max over repetitions; FMM not split into far/near field
coulomb_early,first_update_rebuild,LeafCount,128.0,114537,common,mean (source),0.0699865006015625,0.0006754904687231,0.069388243015625,0.071011501859375,,,,5,128,20,NVIDIA RTX 5060 Ti 16GB,not re-measured: FMM harness/raw samples unavailable here; source reports mean/std/min/max over repetitions; FMM not split into far/near field
coulomb_early,first_update_rebuild,LeafCount,128.0,114537,tree,mean (source),0.5444676149796875,0.0068854262746701,0.5384947526015625,0.5529058944765625,,,,5,128,20,NVIDIA RTX 5060 Ti 16GB,not re-measured: FMM harness/raw samples unavailable here; source reports mean/std/min/max over repetitions; FMM not split into far/near field
coulomb_early,first_update_rebuild,LeafCount,128.0,114537,view,mean (source),0.552948958653125,0.0042517983787756,0.54762455871875,0.5585141134609375,,,,5,128,20,NVIDIA RTX 5060 Ti 16GB,not re-measured: FMM harness/raw samples unavailable here; source reports mean/std/min/max over repetitions; FMM not split into far/near field
coulomb_early,first_update_rebuild,LeafCount,128.0,114537,lists,mean (source),0.269649236734375,0.0008340394572258,0.268867161125,0.2708719039140625,,,,5,128,20,NVIDIA RTX 5060 Ti 16GB,not re-measured: FMM harness/raw samples unavailable here; source reports mean/std/min/max over repetitions; FMM not split into far/near field
coulomb_early,first_update_rebuild,LeafCount,128.0,114537,fmm,mean (source),4.68044933801875,0.0080013817097903,4.669045238140625,4.68781602825,,,,5,128,20,NVIDIA RTX 5060 Ti 16GB,not re-measured: FMM harness/raw samples unavailable here; source reports mean/std/min/max over repetitions; FMM not split into far/near field
coulomb_early,first_update,LeafCount,128.0,114537,common,mean (source),0.0688103915234375,0.0004911830839301,0.0681056899140625,0.069217549046875,,,,5,128,20,NVIDIA RTX 5060 Ti 16GB,not re-measured: FMM harness/raw samples unavailable here; source reports mean/std/min/max over repetitions; FMM not split into far/near field
coulomb_early,first_update,LeafCount,128.0,114537,tree,mean (source),0.1898115533390625,0.0018071340148148,0.18728191571875,0.19145935040625,,,,5,128,20,NVIDIA RTX 5060 Ti 16GB,not re-measured: FMM harness/raw samples unavailable here; source reports mean/std/min/max over repetitions; FMM not split into far/near field
coulomb_early,first_update,LeafCount,128.0,114537,view,mean (source),0.552279939796875,0.0040807191443586,0.547459636421875,0.55727043403125,,,,5,128,20,NVIDIA RTX 5060 Ti 16GB,not re-measured: FMM harness/raw samples unavailable here; source reports mean/std/min/max over repetitions; FMM not split into far/near field
coulomb_early,first_update,LeafCount,128.0,114537,lists,mean (source),0.26886402704375,0.0011454261848585,0.267533590890625,0.2700805035078125,,,,5,128,20,NVIDIA RTX 5060 Ti 16GB,not re-measured: FMM harness/raw samples unavailable here; source reports mean/std/min/max over repetitions; FMM not split into far/near field
coulomb_early,first_update,LeafCount,128.0,114537,fmm,mean (source),4.680910122601563,0.0129841423807487,4.665083992179688,4.695609621210938,,,,5,128,20,NVIDIA RTX 5060 Ti 16GB,not re-measured: FMM harness/raw samples unavailable here; source reports mean/std/min/max over repetitions; FMM not split into far/near field
coulomb_early,newest,NFCount,221184.0,114537,common,mean (source),0.0550555869140625,0.0004811108525933,0.0544099184375,0.0557349631015625,,,,5,128,20,NVIDIA RTX 5060 Ti 16GB,not re-measured: FMM harness/raw samples unavailable here; source reports mean/std/min/max over repetitions; FMM not split into far/near field
coulomb_early,newest,NFCount,221184.0,114537,tree,mean (source),0.1542484780671875,0.001603152088317,0.152953592984375,0.1566995270234375,,,,5,128,20,NVIDIA RTX 5060 Ti 16GB,not re-measured: FMM harness/raw samples unavailable here; source reports mean/std/min/max over repetitions; FMM not split into far/near field
coulomb_early,newest,NFCount,221184.0,114537,view,mean (source),0.0603047213875,0.0004796424562758,0.059638307,0.0607938909375,,,,5,128,20,NVIDIA RTX 5060 Ti 16GB,not re-measured: FMM harness/raw samples unavailable here; source reports mean/std/min/max over repetitions; FMM not split into far/near field
coulomb_early,newest,NFCount,221184.0,114537,lists,mean (source),0.10084942841875,0.0001488272396029,0.1006607017265625,0.100973011296875,,,,5,128,20,NVIDIA RTX 5060 Ti 16GB,not re-measured: FMM harness/raw samples unavailable here; source reports mean/std/min/max over repetitions; FMM not split into far/near field
coulomb_early,newest,NFCount,221184.0,114537,fmm,mean (source),1.984617568092188,0.0048273206083874,1.976522094992188,1.98840524175,,,,5,128,20,NVIDIA RTX 5060 Ti 16GB,not re-measured: FMM harness/raw samples unavailable here; source reports mean/std/min/max over repetitions; FMM not split into far/near field
coulomb_late,dense,not applicable,,114537,common,mean (source),0.1563968893499999,0.0011480502146657,0.154570008796875,0.1576299946328125,,,,5,128,20,NVIDIA RTX 5060 Ti 16GB,not re-measured: FMM harness/raw samples unavailable here; source reports mean/std/min/max over repetitions; FMM not split into far/near field
coulomb_late,dense,not applicable,,114537,tree,mean (source),0.0,0.0,0.0,0.0,,,,5,128,20,NVIDIA RTX 5060 Ti 16GB,not re-measured: FMM harness/raw samples unavailable here; source reports mean/std/min/max over repetitions; FMM not split into far/near field
coulomb_late,dense,not applicable,,114537,view,mean (source),0.0,0.0,0.0,0.0,,,,5,128,20,NVIDIA RTX 5060 Ti 16GB,not re-measured: FMM harness/raw samples unavailable here; source reports mean/std/min/max over repetitions; FMM not split into far/near field
coulomb_late,dense,not applicable,,114537,lists,mean (source),1.65948515625e-05,2.931109188382234e-07,1.6092421875e-05,1.6854609375e-05,,,,5,128,20,NVIDIA RTX 5060 Ti 16GB,not re-measured: FMM harness/raw samples unavailable here; source reports mean/std/min/max over repetitions; FMM not split into far/near field
coulomb_late,dense,not applicable,,114537,fmm,mean (source),6.941686795484375,0.0366542553291523,6.90140169896875,6.981485965375,,,,5,128,20,NVIDIA RTX 5060 Ti 16GB,not re-measured: FMM harness/raw samples unavailable here; source reports mean/std/min/max over repetitions; FMM not split into far/near field
coulomb_late,first_complete,LeafCount,64.0,114537,common,mean (source),0.1232535774671875,0.0022563209644311,0.1213710511328125,0.1271415913203125,,,,5,128,20,NVIDIA RTX 5060 Ti 16GB,not re-measured: FMM harness/raw samples unavailable here; source reports mean/std/min/max over repetitions; FMM not split into far/near field
coulomb_late,first_complete,LeafCount,64.0,114537,tree,mean (source),1.2638070715140626,0.0017805628196684,1.261845787671875,1.266428997046875,,,,5,128,20,NVIDIA RTX 5060 Ti 16GB,not re-measured: FMM harness/raw samples unavailable here; source reports mean/std/min/max over repetitions; FMM not split into far/near field
coulomb_late,first_complete,LeafCount,64.0,114537,view,mean (source),1.411938845196875,0.0041226008171973,1.406673156421875,1.4160946411718751,,,,5,128,20,NVIDIA RTX 5060 Ti 16GB,not re-measured: FMM harness/raw samples unavailable here; source reports mean/std/min/max over repetitions; FMM not split into far/near field
coulomb_late,first_complete,LeafCount,64.0,114537,lists,mean (source),0.7566630614703125,0.0123310284539267,0.7477836170234375,0.7783187811484376,,,,5,128,20,NVIDIA RTX 5060 Ti 16GB,not re-measured: FMM harness/raw samples unavailable here; source reports mean/std/min/max over repetitions; FMM not split into far/near field
coulomb_late,first_complete,LeafCount,64.0,114537,fmm,mean (source),6.840631927476562,0.0045165482999007,6.834202851695313,6.846625488804688,,,,5,128,20,NVIDIA RTX 5060 Ti 16GB,not re-measured: FMM harness/raw samples unavailable here; source reports mean/std/min/max over repetitions; FMM not split into far/near field
coulomb_late,first_update_rebuild,LeafCount,128.0,114537,common,mean (source),0.0733089433078125,0.0006174487375727,0.0724806177421875,0.07395298959375,,,,5,128,20,NVIDIA RTX 5060 Ti 16GB,not re-measured: FMM harness/raw samples unavailable here; source reports mean/std/min/max over repetitions; FMM not split into far/near field
coulomb_late,first_update_rebuild,LeafCount,128.0,114537,tree,mean (source),0.4227519802859375,0.002835650203284,0.420676537,0.427529383140625,,,,5,128,20,NVIDIA RTX 5060 Ti 16GB,not re-measured: FMM harness/raw samples unavailable here; source reports mean/std/min/max over repetitions; FMM not split into far/near field
coulomb_late,first_update_rebuild,LeafCount,128.0,114537,view,mean (source),0.5060861935171875,0.0022378519856718,0.50427948378125,0.509865834828125,,,,5,128,20,NVIDIA RTX 5060 Ti 16GB,not re-measured: FMM harness/raw samples unavailable here; source reports mean/std/min/max over repetitions; FMM not split into far/near field
coulomb_late,first_update_rebuild,LeafCount,128.0,114537,lists,mean (source),0.248188449053125,0.0006599167919608,0.247286578078125,0.2490200331484375,,,,5,128,20,NVIDIA RTX 5060 Ti 16GB,not re-measured: FMM harness/raw samples unavailable here; source reports mean/std/min/max over repetitions; FMM not split into far/near field
coulomb_late,first_update_rebuild,LeafCount,128.0,114537,fmm,mean (source),3.890897532260938,0.0061725933894853,3.8827489406484377,3.899352423117187,,,,5,128,20,NVIDIA RTX 5060 Ti 16GB,not re-measured: FMM harness/raw samples unavailable here; source reports mean/std/min/max over repetitions; FMM not split into far/near field
coulomb_late,first_update,LeafCount,128.0,114537,common,mean (source),0.0747559450234374,0.0022458602884229,0.0723866414765625,0.0771159284375,,,,5,128,20,NVIDIA RTX 5060 Ti 16GB,not re-measured: FMM harness/raw samples unavailable here; source reports mean/std/min/max over repetitions; FMM not split into far/near field
coulomb_late,first_update,LeafCount,128.0,114537,tree,mean (source),0.1704323767671875,0.0027865610378449,0.167746320578125,0.1736099384765625,,,,5,128,20,NVIDIA RTX 5060 Ti 16GB,not re-measured: FMM harness/raw samples unavailable here; source reports mean/std/min/max over repetitions; FMM not split into far/near field
coulomb_late,first_update,LeafCount,128.0,114537,view,mean (source),0.5038582090578125,0.0060640101814357,0.49824209053125,0.513208229671875,,,,5,128,20,NVIDIA RTX 5060 Ti 16GB,not re-measured: FMM harness/raw samples unavailable here; source reports mean/std/min/max over repetitions; FMM not split into far/near field
coulomb_late,first_update,LeafCount,128.0,114537,lists,mean (source),0.2484255139171875,0.0012898516726221,0.24714253234375,0.2501614508125,,,,5,128,20,NVIDIA RTX 5060 Ti 16GB,not re-measured: FMM harness/raw samples unavailable here; source reports mean/std/min/max over repetitions; FMM not split into far/near field
coulomb_late,first_update,LeafCount,128.0,114537,fmm,mean (source),3.8957711713125,0.0024130956571056,3.8938291309375,3.898760815015625,,,,5,128,20,NVIDIA RTX 5060 Ti 16GB,not re-measured: FMM harness/raw samples unavailable here; source reports mean/std/min/max over repetitions; FMM not split into far/near field
coulomb_late,newest,NFCount,221184.0,114537,common,mean (source),0.0611110142796875,0.0008883135920329,0.060112844921875,0.0621528760859375,,,,5,128,20,NVIDIA RTX 5060 Ti 16GB,not re-measured: FMM harness/raw samples unavailable here; source reports mean/std/min/max over repetitions; FMM not split into far/near field
coulomb_late,newest,NFCount,221184.0,114537,tree,mean (source),0.1349171979828125,0.0003523571804877,0.1343166531640625,0.1351817445078125,,,,5,128,20,NVIDIA RTX 5060 Ti 16GB,not re-measured: FMM harness/raw samples unavailable here; source reports mean/std/min/max over repetitions; FMM not split into far/near field
coulomb_late,newest,NFCount,221184.0,114537,view,mean (source),0.0620155449671875,0.0009453127544737,0.061012087796875,0.063237725078125,,,,5,128,20,NVIDIA RTX 5060 Ti 16GB,not re-measured: FMM harness/raw samples unavailable here; source reports mean/std/min/max over repetitions; FMM not split into far/near field
coulomb_late,newest,NFCount,221184.0,114537,lists,mean (source),0.052558067559375,0.0007472144100383,0.0518688048203125,0.0537599826328125,,,,5,128,20,NVIDIA RTX 5060 Ti 16GB,not re-measured: FMM harness/raw samples unavailable here; source reports mean/std/min/max over repetitions; FMM not split into far/near field
coulomb_late,newest,NFCount,221184.0,114537,fmm,mean (source),1.7303749213078126,0.0100301339827505,1.717951341578125,1.742700193046875,,,,5,128,20,NVIDIA RTX 5060 Ti 16GB,not re-measured: FMM harness/raw samples unavailable here; source reports mean/std/min/max over repetitions; FMM not split into far/near field
nacl,dense,not applicable,,6740,common,mean (source),0.0525388002679687,0.0004837784766912,0.05217278703125,0.0533204275,,,,5,256,20,NVIDIA RTX 5060 Ti 16GB,not re-measured: FMM harness/raw samples unavailable here; source reports mean/std/min/max over repetitions; FMM not split into far/near field
nacl,dense,not applicable,,6740,tree,mean (source),0.0,0.0,0.0,0.0,,,,5,256,20,NVIDIA RTX 5060 Ti 16GB,not re-measured: FMM harness/raw samples unavailable here; source reports mean/std/min/max over repetitions; FMM not split into far/near field
nacl,dense,not applicable,,6740,view,mean (source),0.0,0.0,0.0,0.0,,,,5,256,20,NVIDIA RTX 5060 Ti 16GB,not re-measured: FMM harness/raw samples unavailable here; source reports mean/std/min/max over repetitions; FMM not split into far/near field
nacl,dense,not applicable,,6740,lists,mean (source),1.59802359375e-05,3.449814063283424e-07,1.56604765625e-05,1.654447265625e-05,,,,5,256,20,NVIDIA RTX 5060 Ti 16GB,not re-measured: FMM harness/raw samples unavailable here; source reports mean/std/min/max over repetitions; FMM not split into far/near field
nacl,dense,not applicable,,6740,fmm,mean (source),0.19575805363125,0.0001733436917092,0.1955396073710937,0.1959818510039062,,,,5,256,20,NVIDIA RTX 5060 Ti 16GB,not re-measured: FMM harness/raw samples unavailable here; source reports mean/std/min/max over repetitions; FMM not split into far/near field
nacl,first_complete,LeafCount,256.0,6740,common,mean (source),0.05785302709375,0.000895374681562,0.056919289828125,0.0592495543710937,,,,5,256,20,NVIDIA RTX 5060 Ti 16GB,not re-measured: FMM harness/raw samples unavailable here; source reports mean/std/min/max over repetitions; FMM not split into far/near field
nacl,first_complete,LeafCount,256.0,6740,tree,mean (source),0.3422171041164062,0.0035713325638546,0.3394331397539062,0.3469455096132812,,,,5,256,20,NVIDIA RTX 5060 Ti 16GB,not re-measured: FMM harness/raw samples unavailable here; source reports mean/std/min/max over repetitions; FMM not split into far/near field
nacl,first_complete,LeafCount,256.0,6740,view,mean (source),0.0713000441382812,0.0012969541519105,0.069952743625,0.072667045046875,,,,5,256,20,NVIDIA RTX 5060 Ti 16GB,not re-measured: FMM harness/raw samples unavailable here; source reports mean/std/min/max over repetitions; FMM not split into far/near field
nacl,first_complete,LeafCount,256.0,6740,lists,mean (source),0.0739411152625,0.0006836478953615,0.0733199567578125,0.0749301716328125,,,,5,256,20,NVIDIA RTX 5060 Ti 16GB,not re-measured: FMM harness/raw samples unavailable here; source reports mean/std/min/max over repetitions; FMM not split into far/near field
nacl,first_complete,LeafCount,256.0,6740,fmm,mean (source),0.9035674473039064,0.000621873166725,0.9028647082148438,0.904410435375,,,,5,256,20,NVIDIA RTX 5060 Ti 16GB,not re-measured: FMM harness/raw samples unavailable here; source reports mean/std/min/max over repetitions; FMM not split into far/near field
nacl,first_update_rebuild,LeafCount,128.0,6740,common,mean (source),0.0508175042429687,0.0001262971806199,0.0506940969296875,0.0509749779804687,,,,5,256,20,NVIDIA RTX 5060 Ti 16GB,not re-measured: FMM harness/raw samples unavailable here; source reports mean/std/min/max over repetitions; FMM not split into far/near field
nacl,first_update_rebuild,LeafCount,128.0,6740,tree,mean (source),0.2013257026226562,0.0012114973770065,0.2002387227539062,0.20336458053125,,,,5,256,20,NVIDIA RTX 5060 Ti 16GB,not re-measured: FMM harness/raw samples unavailable here; source reports mean/std/min/max over repetitions; FMM not split into far/near field
nacl,first_update_rebuild,LeafCount,128.0,6740,view,mean (source),0.4505123486492187,0.005302072759465,0.4444888218203125,0.4587718940507812,,,,5,256,20,NVIDIA RTX 5060 Ti 16GB,not re-measured: FMM harness/raw samples unavailable here; source reports mean/std/min/max over repetitions; FMM not split into far/near field
nacl,first_update_rebuild,LeafCount,128.0,6740,lists,mean (source),0.0841959656132812,0.0003227772166491,0.083817259109375,0.0846123257578125,,,,5,256,20,NVIDIA RTX 5060 Ti 16GB,not re-measured: FMM harness/raw samples unavailable here; source reports mean/std/min/max over repetitions; FMM not split into far/near field
nacl,first_update_rebuild,LeafCount,128.0,6740,fmm,mean (source),0.3848182250257813,0.000378244538414,0.3844946504570312,0.3854679553164062,,,,5,256,20,NVIDIA RTX 5060 Ti 16GB,not re-measured: FMM harness/raw samples unavailable here; source reports mean/std/min/max over repetitions; FMM not split into far/near field
nacl,first_update,LeafCount,128.0,6740,common,mean (source),0.0501944823375,0.0001524855319072,0.0500577525664062,0.0504299677929687,,,,5,256,20,NVIDIA RTX 5060 Ti 16GB,not re-measured: FMM harness/raw samples unavailable here; source reports mean/std/min/max over repetitions; FMM not split into far/near field
nacl,first_update,LeafCount,128.0,6740,tree,mean (source),0.1351430037164062,0.0006841906966551,0.1340103763007812,0.1357769224492187,,,,5,256,20,NVIDIA RTX 5060 Ti 16GB,not re-measured: FMM harness/raw samples unavailable here; source reports mean/std/min/max over repetitions; FMM not split into far/near field
nacl,first_update,LeafCount,128.0,6740,view,mean (source),0.4440913355195312,0.0059391026435547,0.4361348601445312,0.4522525350585937,,,,5,256,20,NVIDIA RTX 5060 Ti 16GB,not re-measured: FMM harness/raw samples unavailable here; source reports mean/std/min/max over repetitions; FMM not split into far/near field
nacl,first_update,LeafCount,128.0,6740,lists,mean (source),0.0841993987789062,0.0008413420017409,0.0830550698320312,0.0850212254804687,,,,5,256,20,NVIDIA RTX 5060 Ti 16GB,not re-measured: FMM harness/raw samples unavailable here; source reports mean/std/min/max over repetitions; FMM not split into far/near field
nacl,first_update,LeafCount,128.0,6740,fmm,mean (source),0.3849650078414062,0.0005809510170559,0.3843187532890625,0.3856857974726562,,,,5,256,20,NVIDIA RTX 5060 Ti 16GB,not re-measured: FMM harness/raw samples unavailable here; source reports mean/std/min/max over repetitions; FMM not split into far/near field
nacl,newest,LeafCount,64.0,6740,common,mean (source),0.0422411261734375,0.000195969301895,0.0419853149882812,0.042470411234375,,,,5,256,20,NVIDIA RTX 5060 Ti 16GB,not re-measured: FMM harness/raw samples unavailable here; source reports mean/std/min/max over repetitions; FMM not split into far/near field
nacl,newest,LeafCount,64.0,6740,tree,mean (source),0.0883996630367187,0.0002925720973726,0.088013419375,0.0887869819023437,,,,5,256,20,NVIDIA RTX 5060 Ti 16GB,not re-measured: FMM harness/raw samples unavailable here; source reports mean/std/min/max over repetitions; FMM not split into far/near field
nacl,newest,LeafCount,64.0,6740,view,mean (source),0.051046286540625,0.0007244553178334,0.0500771620898437,0.0519704526640625,,,,5,256,20,NVIDIA RTX 5060 Ti 16GB,not re-measured: FMM harness/raw samples unavailable here; source reports mean/std/min/max over repetitions; FMM not split into far/near field
nacl,newest,LeafCount,64.0,6740,lists,mean (source),0.0246581250453125,0.0001131458401691,0.0245096425820312,0.0247555417695312,,,,5,256,20,NVIDIA RTX 5060 Ti 16GB,not re-measured: FMM harness/raw samples unavailable here; source reports mean/std/min/max over repetitions; FMM not split into far/near field
nacl,newest,LeafCount,64.0,6740,fmm,mean (source),0.24737589846875,0.0009184504628868,0.2466574551445312,0.24888797909375,,,,5,256,20,NVIDIA RTX 5060 Ti 16GB,not re-measured: FMM harness/raw samples unavailable here; source reports mean/std/min/max over repetitions; FMM not split into far/near field
halo,dense,not applicable,,1200000,common,mean (source),0.92345648445,0.0036193877401568,0.917596677,0.926009321125,,,,5,32,20,NVIDIA RTX 5060 Ti 16GB,not re-measured: FMM harness/raw samples unavailable here; source reports mean/std/min/max over repetitions; FMM not split into far/near field
halo,dense,not applicable,,1200000,tree,mean (source),0.0,0.0,0.0,0.0,,,,5,32,20,NVIDIA RTX 5060 Ti 16GB,not re-measured: FMM harness/raw samples unavailable here; source reports mean/std/min/max over repetitions; FMM not split into far/near field
halo,dense,not applicable,,1200000,view,mean (source),0.0,0.0,0.0,0.0,,,,5,32,20,NVIDIA RTX 5060 Ti 16GB,not re-measured: FMM harness/raw samples unavailable here; source reports mean/std/min/max over repetitions; FMM not split into far/near field
halo,dense,not applicable,,1200000,lists,mean (source),1.79642125e-05,3.572535684358608e-06,1.597784375e-05,2.432340625e-05,,,,5,32,20,NVIDIA RTX 5060 Ti 16GB,not re-measured: FMM harness/raw samples unavailable here; source reports mean/std/min/max over repetitions; FMM not split into far/near field
halo,dense,not applicable,,1200000,fmm,mean (source),9.6052655237125,0.0338930085501569,9.559059049875,9.65231649746875,,,,5,32,20,NVIDIA RTX 5060 Ti 16GB,not re-measured: FMM harness/raw samples unavailable here; source reports mean/std/min/max over repetitions; FMM not split into far/near field
halo,first_complete,LeafCount,512.0,1200000,common,mean (source),1.0405731329125,0.006621034232346,1.0355151825,1.05162383990625,,,,5,32,20,NVIDIA RTX 5060 Ti 16GB,not re-measured: FMM harness/raw samples unavailable here; source reports mean/std/min/max over repetitions; FMM not split into far/near field
halo,first_complete,LeafCount,512.0,1200000,tree,mean (source),1.081902797175,0.0047716486246754,1.07528420625,1.086932090375,,,,5,32,20,NVIDIA RTX 5060 Ti 16GB,not re-measured: FMM harness/raw samples unavailable here; source reports mean/std/min/max over repetitions; FMM not split into far/near field
halo,first_complete,LeafCount,512.0,1200000,view,mean (source),4.31953024235625,0.0893680481954022,4.1919988943125,4.4417669269375,,,,5,32,20,NVIDIA RTX 5060 Ti 16GB,not re-measured: FMM harness/raw samples unavailable here; source reports mean/std/min/max over repetitions; FMM not split into far/near field
halo,first_complete,LeafCount,512.0,1200000,lists,mean (source),0.4764625977125,0.0016387888480614,0.474437802,0.47819911565625,,,,5,32,20,NVIDIA RTX 5060 Ti 16GB,not re-measured: FMM harness/raw samples unavailable here; source reports mean/std/min/max over repetitions; FMM not split into far/near field
halo,first_complete,LeafCount,512.0,1200000,fmm,mean (source),47.78237878491875,0.1561291933941393,47.56551708134375,47.98407779890625,,,,5,32,20,NVIDIA RTX 5060 Ti 16GB,not re-measured: FMM harness/raw samples unavailable here; source reports mean/std/min/max over repetitions; FMM not split into far/near field
halo,first_update_rebuild,LeafCount,256.0,1200000,common,mean (source),0.70490318321875,0.0071657807709265,0.6942624314375,0.71251520415625,,,,5,32,20,NVIDIA RTX 5060 Ti 16GB,not re-measured: FMM harness/raw samples unavailable here; source reports mean/std/min/max over repetitions; FMM not split into far/near field
halo,first_update_rebuild,LeafCount,256.0,1200000,tree,mean (source),0.85330779400625,0.006315137654632,0.846497903625,0.86128219840625,,,,5,32,20,NVIDIA RTX 5060 Ti 16GB,not re-measured: FMM harness/raw samples unavailable here; source reports mean/std/min/max over repetitions; FMM not split into far/near field
halo,first_update_rebuild,LeafCount,256.0,1200000,view,mean (source),0.59257140815625,0.0035007417857334,0.58899899884375,0.5983309746875,,,,5,32,20,NVIDIA RTX 5060 Ti 16GB,not re-measured: FMM harness/raw samples unavailable here; source reports mean/std/min/max over repetitions; FMM not split into far/near field
halo,first_update_rebuild,LeafCount,256.0,1200000,lists,mean (source),0.911981627025,0.0033465053565232,0.9066914571875,0.9145215081875,,,,5,32,20,NVIDIA RTX 5060 Ti 16GB,not re-measured: FMM harness/raw samples unavailable here; source reports mean/std/min/max over repetitions; FMM not split into far/near field
halo,first_update_rebuild,LeafCount,256.0,1200000,fmm,mean (source),35.829256701968745,0.0455917247471515,35.7636710615,35.8772645921875,,,,5,32,20,NVIDIA RTX 5060 Ti 16GB,not re-measured: FMM harness/raw samples unavailable here; source reports mean/std/min/max over repetitions; FMM not split into far/near field
halo,first_update,LeafCount,256.0,1200000,common,mean (source),0.6945515895750001,0.0059858992491023,0.6893055325625,0.7042042053125,,,,5,32,20,NVIDIA RTX 5060 Ti 16GB,not re-measured: FMM harness/raw samples unavailable here; source reports mean/std/min/max over repetitions; FMM not split into far/near field
halo,first_update,LeafCount,256.0,1200000,tree,mean (source),0.4434273622,0.0024469796572892,0.44059759975,0.447313475875,,,,5,32,20,NVIDIA RTX 5060 Ti 16GB,not re-measured: FMM harness/raw samples unavailable here; source reports mean/std/min/max over repetitions; FMM not split into far/near field
halo,first_update,LeafCount,256.0,1200000,view,mean (source),0.58989757668125,0.0037134970392073,0.586339105125,0.5947256795625,,,,5,32,20,NVIDIA RTX 5060 Ti 16GB,not re-measured: FMM harness/raw samples unavailable here; source reports mean/std/min/max over repetitions; FMM not split into far/near field
halo,first_update,LeafCount,256.0,1200000,lists,mean (source),0.91141802988125,0.0046961720545565,0.90353339328125,0.91551501103125,,,,5,32,20,NVIDIA RTX 5060 Ti 16GB,not re-measured: FMM harness/raw samples unavailable here; source reports mean/std/min/max over repetitions; FMM not split into far/near field
halo,first_update,LeafCount,256.0,1200000,fmm,mean (source),35.86188394691875,0.0502078488424673,35.82028343221875,35.9419280648125,,,,5,32,20,NVIDIA RTX 5060 Ti 16GB,not re-measured: FMM harness/raw samples unavailable here; source reports mean/std/min/max over repetitions; FMM not split into far/near field
halo,newest,NFCount,221184.0,1200000,common,mean (source),0.7248835594499999,0.0027980460300776,0.72009934953125,0.7270866263125,,,,5,32,20,NVIDIA RTX 5060 Ti 16GB,not re-measured: FMM harness/raw samples unavailable here; source reports mean/std/min/max over repetitions; FMM not split into far/near field
halo,newest,NFCount,221184.0,1200000,tree,mean (source),0.60335894815,0.0024882677021108,0.59959306965625,0.60580246646875,,,,5,32,20,NVIDIA RTX 5060 Ti 16GB,not re-measured: FMM harness/raw samples unavailable here; source reports mean/std/min/max over repetitions; FMM not split into far/near field
halo,newest,NFCount,221184.0,1200000,view,mean (source),0.1460337284125,0.0014658357897849,0.14401997040625,0.147643892,,,,5,32,20,NVIDIA RTX 5060 Ti 16GB,not re-measured: FMM harness/raw samples unavailable here; source reports mean/std/min/max over repetitions; FMM not split into far/near field
halo,newest,NFCount,221184.0,1200000,lists,mean (source),0.37523028300625,0.0019865468569409,0.373411087,0.37851065284375,,,,5,32,20,NVIDIA RTX 5060 Ti 16GB,not re-measured: FMM harness/raw samples unavailable here; source reports mean/std/min/max over repetitions; FMM not split into far/near field
halo,newest,NFCount,221184.0,1200000,fmm,mean (source),11.75071754551875,0.0212406515536862,11.72676846909375,11.78309689571875,,,,5,32,20,NVIDIA RTX 5060 Ti 16GB,not re-measured: FMM harness/raw samples unavailable here; source reports mean/std/min/max over repetitions; FMM not split into far/near field
flyby,dense,not applicable,,512002,common,mean (source),0.34373408016875,0.0040296201274073,0.3389851463203125,0.3492939849804687,,,,5,256,20,NVIDIA RTX 5060 Ti 16GB,not re-measured: FMM harness/raw samples unavailable here; source reports mean/std/min/max over repetitions; FMM not split into far/near field
flyby,dense,not applicable,,512002,tree,mean (source),0.0,0.0,0.0,0.0,,,,5,256,20,NVIDIA RTX 5060 Ti 16GB,not re-measured: FMM harness/raw samples unavailable here; source reports mean/std/min/max over repetitions; FMM not split into far/near field
flyby,dense,not applicable,,512002,view,mean (source),0.0,0.0,0.0,0.0,,,,5,256,20,NVIDIA RTX 5060 Ti 16GB,not re-measured: FMM harness/raw samples unavailable here; source reports mean/std/min/max over repetitions; FMM not split into far/near field
flyby,dense,not applicable,,512002,lists,mean (source),2.009371015625e-05,1.5230815524257597e-06,1.831162890625e-05,2.175409375e-05,,,,5,256,20,NVIDIA RTX 5060 Ti 16GB,not re-measured: FMM harness/raw samples unavailable here; source reports mean/std/min/max over repetitions; FMM not split into far/near field
flyby,dense,not applicable,,512002,fmm,mean (source),19.75832277037656,0.0161224383870819,19.73388929485937,19.77596874348828,,,,5,256,20,NVIDIA RTX 5060 Ti 16GB,not re-measured: FMM harness/raw samples unavailable here; source reports mean/std/min/max over repetitions; FMM not split into far/near field
flyby,first_complete,LeafCount,128.0,512002,common,mean (source),0.6839237394203125,0.0065246081978705,0.6773273371601563,0.6940719504101562,,,,5,256,20,NVIDIA RTX 5060 Ti 16GB,not re-measured: FMM harness/raw samples unavailable here; source reports mean/std/min/max over repetitions; FMM not split into far/near field
flyby,first_complete,LeafCount,128.0,512002,tree,mean (source),2.305872942086719,0.0064668599710432,2.2981998045195318,2.3145899567460937,,,,5,256,20,NVIDIA RTX 5060 Ti 16GB,not re-measured: FMM harness/raw samples unavailable here; source reports mean/std/min/max over repetitions; FMM not split into far/near field
flyby,first_complete,LeafCount,128.0,512002,view,mean (source),5.287827197204687,0.088821431989867,5.200154709183594,5.414955663566406,,,,5,256,20,NVIDIA RTX 5060 Ti 16GB,not re-measured: FMM harness/raw samples unavailable here; source reports mean/std/min/max over repetitions; FMM not split into far/near field
flyby,first_complete,LeafCount,128.0,512002,lists,mean (source),1.138653111782031,0.004552458373641,1.134324365046875,1.1448722871054688,,,,5,256,20,NVIDIA RTX 5060 Ti 16GB,not re-measured: FMM harness/raw samples unavailable here; source reports mean/std/min/max over repetitions; FMM not split into far/near field
flyby,first_complete,LeafCount,128.0,512002,fmm,mean (source),9.870948053885156,0.0487314434296889,9.833437159632812,9.940071339796877,,,,5,256,20,NVIDIA RTX 5060 Ti 16GB,not re-measured: FMM harness/raw samples unavailable here; source reports mean/std/min/max over repetitions; FMM not split into far/near field
flyby,first_update_rebuild,LeafCount,256.0,512002,common,mean (source),0.2648818463,0.0028891015668165,0.2613965934804687,0.2676824469570312,,,,5,256,20,NVIDIA RTX 5060 Ti 16GB,not re-measured: FMM harness/raw samples unavailable here; source reports mean/std/min/max over repetitions; FMM not split into far/near field
flyby,first_update_rebuild,LeafCount,256.0,512002,tree,mean (source),0.5879293534320312,0.0023363990719756,0.5846646727421875,0.5912703482109375,,,,5,256,20,NVIDIA RTX 5060 Ti 16GB,not re-measured: FMM harness/raw samples unavailable here; source reports mean/std/min/max over repetitions; FMM not split into far/near field
flyby,first_update_rebuild,LeafCount,256.0,512002,view,mean (source),0.55084940559375,0.0028735831306642,0.5469056286835937,0.5542341313789062,,,,5,256,20,NVIDIA RTX 5060 Ti 16GB,not re-measured: FMM harness/raw samples unavailable here; source reports mean/std/min/max over repetitions; FMM not split into far/near field
flyby,first_update_rebuild,LeafCount,256.0,512002,lists,mean (source),0.4455406820804687,0.0016988004729565,0.4439850745351562,0.4474962124570312,,,,5,256,20,NVIDIA RTX 5060 Ti 16GB,not re-measured: FMM harness/raw samples unavailable here; source reports mean/std/min/max over repetitions; FMM not split into far/near field
flyby,first_update_rebuild,LeafCount,256.0,512002,fmm,mean (source),6.3702604071226565,0.0210008381659607,6.350383368042968,6.396320731246094,,,,5,256,20,NVIDIA RTX 5060 Ti 16GB,not re-measured: FMM harness/raw samples unavailable here; source reports mean/std/min/max over repetitions; FMM not split into far/near field
flyby,first_update,LeafCount,256.0,512002,common,mean (source),0.264906347746875,0.0040991958611681,0.2605757072070312,0.2700967061445312,,,,5,256,20,NVIDIA RTX 5060 Ti 16GB,not re-measured: FMM harness/raw samples unavailable here; source reports mean/std/min/max over repetitions; FMM not split into far/near field
flyby,first_update,LeafCount,256.0,512002,tree,mean (source),0.2702207501007813,0.002088734798355,0.2674712404765625,0.2723933012070312,,,,5,256,20,NVIDIA RTX 5060 Ti 16GB,not re-measured: FMM harness/raw samples unavailable here; source reports mean/std/min/max over repetitions; FMM not split into far/near field
flyby,first_update,LeafCount,256.0,512002,view,mean (source),0.5590238511976562,0.0065332868655138,0.553729250875,0.5702302523710937,,,,5,256,20,NVIDIA RTX 5060 Ti 16GB,not re-measured: FMM harness/raw samples unavailable here; source reports mean/std/min/max over repetitions; FMM not split into far/near field
flyby,first_update,LeafCount,256.0,512002,lists,mean (source),0.4453864117757812,0.0022766025298229,0.4431048710039063,0.448416473765625,,,,5,256,20,NVIDIA RTX 5060 Ti 16GB,not re-measured: FMM harness/raw samples unavailable here; source reports mean/std/min/max over repetitions; FMM not split into far/near field
flyby,first_update,LeafCount,256.0,512002,fmm,mean (source),6.370192840035937,0.0106765567931569,6.358669428644531,6.38448145221875,,,,5,256,20,NVIDIA RTX 5060 Ti 16GB,not re-measured: FMM harness/raw samples unavailable here; source reports mean/std/min/max over repetitions; FMM not split into far/near field
flyby,newest,NFCount,221184.0,512002,common,mean (source),0.2648825750015625,0.000791124893869,0.2639118174648437,0.26566659475,,,,5,256,20,NVIDIA RTX 5060 Ti 16GB,not re-measured: FMM harness/raw samples unavailable here; source reports mean/std/min/max over repetitions; FMM not split into far/near field
flyby,newest,NFCount,221184.0,512002,tree,mean (source),0.2761365001789063,0.0004965812014415,0.275703410828125,0.2768830881757813,,,,5,256,20,NVIDIA RTX 5060 Ti 16GB,not re-measured: FMM harness/raw samples unavailable here; source reports mean/std/min/max over repetitions; FMM not split into far/near field
flyby,newest,NFCount,221184.0,512002,view,mean (source),0.0732816843078125,7.414617690149568e-05,0.0731494537890625,0.0733233237109375,,,,5,256,20,NVIDIA RTX 5060 Ti 16GB,not re-measured: FMM harness/raw samples unavailable here; source reports mean/std/min/max over repetitions; FMM not split into far/near field
flyby,newest,NFCount,221184.0,512002,lists,mean (source),0.1506758973890625,0.0006013349912178,0.1500868375039062,0.1516076517890625,,,,5,256,20,NVIDIA RTX 5060 Ti 16GB,not re-measured: FMM harness/raw samples unavailable here; source reports mean/std/min/max over repetitions; FMM not split into far/near field
flyby,newest,NFCount,221184.0,512002,fmm,mean (source),3.633203138260937,0.0050727738684022,3.624890952777344,3.6384749628242186,,,,5,256,20,NVIDIA RTX 5060 Ti 16GB,not re-measured: FMM harness/raw samples unavailable here; source reports mean/std/min/max over repetitions; FMM not split into far/near field
