input,implementation,status,particles,input_kind,precision,order,periodic_xyz,repetitions,steps_per_repetition,warmup_steps_excluded,selected_version,depth_or_scaffold,split_criterion,bucket,incremental_update,fmm_graph,binary_sha256,input_sha256,raw_runs,settings_json,numerical_gate_passed,validation_frame_pairs,validation_max_comparison_field_rel_l2,validation_max_comparison_potential_rel_l2,validation_scope,effective_settings_json,gpu,gpu_uuid,cpu_affinity,omp_threads,consumer_commit,producer_commit,nonzero_sources_first_frame,source_changes,total_ms,total_std_ms,total_min_ms,total_max_ms,common_ms,common_std_ms,common_min_ms,common_max_ms,tree_ms,tree_std_ms,tree_min_ms,tree_max_ms,view_ms,view_std_ms,view_min_ms,view_max_ms,lists_ms,lists_std_ms,lists_min_ms,lists_max_ms,fmm_ms,fmm_std_ms,fmm_min_ms,fmm_max_ms,input_upload_ms,input_upload_std_ms,compute_plus_input_upload_ms,compute_plus_input_upload_std_ms,synchronized_total_ms,synchronized_overhead_percent,synchronized_common_ms,synchronized_tree_ms,synchronized_view_ms,synchronized_lists_ms,synchronized_fmm_ms,timing_scope,historical_open_fix
coulomb_early,dense,MEASURED,114537,moving window,FP32,8,True,5,128,20,dense,5,not applicable,,0,0,d684812c7dcc8d7dc2d10ff683b48f43681255b0048a4da7e6d06482e593ab88,8c5dd90f47b73c66259c2ecb5d5f1b8c0d45ce27b970b97e52f7b08ffcf475ec,confirm_b0_coulomb_early_dense;confirm_b1_coulomb_early_dense;confirm_b2_coulomb_early_dense;confirm_b3_coulomb_early_dense_retry1;confirm_b4_coulomb_early_dense,raw/confirm_b0_coulomb_early_dense/launch.json,True,148,9.80078558592138e-07,3.751285012599362e-07,same-geometry implementation comparisons; not absolute accuracy or equal-error qualification,"{""ADAPTIVE_MULTIPOLES"":""0"",""CUDA_MODULE_LOADING"":""EAGER"",""CUDA_VISIBLE_DEVICES"":""GPU-afe64fb5-5dcf-fcec-1dfe-1966ca6419f1"",""FMM_CUDA_GRAPH"":""0"",""FMM_CUDA_GRAPH_WARMUP"":""4"",""FMM_PHASE_SYNC"":""0"",""FMM_TIME_PREPROCESS_ONLY"":""0"",""FMM_TREE_PRECISION"":""0"",""FMSOLVR_ADAPTIVE_ASYNC"":""0"",""FMSOLVR_ADAPTIVE_BUCKET"":""64"",""FMSOLVR_ADAPTIVE_CACHE_LISTS"":""1"",""FMSOLVR_ADAPTIVE_CRITERION"":""0"",""FMSOLVR_ADAPTIVE_E2E_BLOCK_CAP"":""128"",""FMSOLVR_ADAPTIVE_TREE"":""0"",""FMSOLVR_ADAPTIVE_UPDATE"":""1"",""FMSOLVR_COMPUTE_POTENTIAL"":""1"",""FMSOLVR_L2L_PRECISION"":""0"",""FMSOLVR_M2L_FP16_PMAX"":""-1"",""FMSOLVR_M2L_REGRESIDENT"":""1"",""FMSOLVR_M2M_PRECISION"":""0"",""FMSOLVR_NF_AGGREGATE"":""0"",""FMSOLVR_P2P_TILE2D"":""1"",""FMSOLVR_P2P_TILE2D_GRID"":""64"",""NUMBER_OF_PRINTED_PARTICLES"":""0"",""NVSHMEM_REMOTE_TRANSPORT"":""none"",""NVSHMEM_SYMMETRIC_SIZE"":""2G"",""OMPI_MCA_accelerator"":""null"",""OMPI_MCA_btl"":""self,tcp"",""OMPI_MCA_pml"":""ob1"",""OMP_NUM_THREADS"":""1"",""OPENBLAS_NUM_THREADS"":""1"",""P_SEARCH"":""0"",""P_SEARCH_POTENTIAL"":""0"",""RUN_DIPOLE_RT"":""1""}",NVIDIA RTX 5060 Ti 16GB,GPU-afe64fb5-5dcf-fcec-1dfe-1966ca6419f1,"6,8",1,ade53cbf2b505f3d60897b7cd0ada742ebf74a66,not applicable,114537,measurement harness,11.270394005289063,0.030486880869302284,11.233738836398437,11.297607852625,0.1591732812953125,0.005502692010528639,0.1530921163359375,0.1669161301796875,0.0,0.0,0.0,0.0,0.0,0.0,0.0,0.0,1.7449075e-05,1.8785805646916264e-06,1.6256171875e-05,2.07691796875e-05,11.11120327478125,0.03064011222221604,11.076940063515625,11.13670010090625,0.1702034627703125,0.001767730564723022,11.440597468059375,0.028893772071757893,15.318041617630207,35.91398499858685,5.375378502049479,0.0,0.0,0.0005880307630208334,9.942075084833332,completed compute; upload/init excluded; native host intervals,False
coulomb_early,first_complete,MEASURED,114537,moving window,FP32,8,True,5,128,20,old,3,LeafCount,64,0,0,1a4c310cab1b3dbc192eec95c5157eb37f6b40dc72165378221d65c08e372749,8c5dd90f47b73c66259c2ecb5d5f1b8c0d45ce27b970b97e52f7b08ffcf475ec,confirm_b0_coulomb_early_first_complete;confirm_b1_coulomb_early_first_complete;confirm_b2_coulomb_early_first_complete;confirm_b3_coulomb_early_first_complete_retry1;confirm_b4_coulomb_early_first_complete,raw/confirm_b0_coulomb_early_first_complete/launch.json,True,148,3.68515849123762e-07,2.590876471956492e-07,same-geometry implementation comparisons; not absolute accuracy or equal-error qualification,"{""ADAPTIVE_MULTIPOLES"":""0"",""CUDA_MODULE_LOADING"":""EAGER"",""CUDA_VISIBLE_DEVICES"":""GPU-afe64fb5-5dcf-fcec-1dfe-1966ca6419f1"",""FMM_CUDA_GRAPH"":""0"",""FMM_CUDA_GRAPH_WARMUP"":""4"",""FMM_PHASE_SYNC"":""0"",""FMM_TIME_PREPROCESS_ONLY"":""0"",""FMM_TREE_PRECISION"":""0"",""FMSOLVR_ADAPTIVE_ASYNC"":""0"",""FMSOLVR_ADAPTIVE_BUCKET"":""64"",""FMSOLVR_ADAPTIVE_CACHE_LISTS"":""1"",""FMSOLVR_ADAPTIVE_CRITERION"":""0"",""FMSOLVR_ADAPTIVE_E2E_BLOCK_CAP"":""128"",""FMSOLVR_ADAPTIVE_TREE"":""1"",""FMSOLVR_ADAPTIVE_UPDATE"":""1"",""FMSOLVR_COMPUTE_POTENTIAL"":""1"",""FMSOLVR_L2L_PRECISION"":""0"",""FMSOLVR_M2L_FP16_PMAX"":""-1"",""FMSOLVR_M2L_REGRESIDENT"":""0"",""FMSOLVR_M2L_SRC_CACHE"":""0"",""FMSOLVR_M2L_SRC_REGRES"":""0"",""FMSOLVR_M2M_PRECISION"":""0"",""NUMBER_OF_PRINTED_PARTICLES"":""0"",""NVSHMEM_REMOTE_TRANSPORT"":""none"",""NVSHMEM_SYMMETRIC_SIZE"":""2G"",""OMPI_MCA_accelerator"":""null"",""OMPI_MCA_btl"":""self,tcp"",""OMPI_MCA_pml"":""ob1"",""OMP_NUM_THREADS"":""1"",""OPENBLAS_NUM_THREADS"":""1"",""P_SEARCH"":""0"",""P_SEARCH_POTENTIAL"":""0"",""RUN_DIPOLE_RT"":""1"",""SOURCE_CENTRIC_M2L"":""0""}",NVIDIA RTX 5060 Ti 16GB,GPU-afe64fb5-5dcf-fcec-1dfe-1966ca6419f1,"6,8",1,defbd693a041874250d549c5c0944c21f32e01ed,81951d0a70b2c37a1bde76bfa1a338a18d89a8a1,114537,measurement harness,13.841002968546874,0.03987056798287192,13.781242190804688,13.8805942951875,0.1282826855390625,0.001518279961140908,0.12637441065625,0.1303442076953125,1.962577942325,0.010390601449307693,1.949205227,1.9734446905390626,1.3895692907625001,0.0044270181721863455,1.383608818296875,1.3946121780390626,1.1889667352390625,0.009230670956576145,1.1774425784375,1.20049816178125,9.171606314703125,0.022538174823611676,9.136335171171876,9.198866158851562,0.1707025552828125,0.0007141768899204949,14.011705523829688,0.03965739860351028,13.958050387958334,0.8456570645743344,0.40736506283333335,1.7895052921380208,1.3804023195364583,1.1896945579687501,9.191083155510416,completed compute; upload/init excluded; native host intervals,False
coulomb_early,first_update_rebuild,MEASURED,114537,moving window,FP32,8,True,5,128,20,update,2,LeafCount,128,0,0,92af93641974d39c60786d0e9774c21aab5ab70985911219a6f1e0bd9bc54433,8c5dd90f47b73c66259c2ecb5d5f1b8c0d45ce27b970b97e52f7b08ffcf475ec,confirm_b0_coulomb_early_first_update_rebuild;confirm_b1_coulomb_early_first_update_rebuild;confirm_b2_coulomb_early_first_update_rebuild;confirm_b3_coulomb_early_first_update_rebuild_retry1;confirm_b4_coulomb_early_first_update_rebuild,raw/confirm_b0_coulomb_early_first_update_rebuild/launch.json,True,12,6.432849771124116e-07,1.2767352478214538e-07,same-geometry implementation comparisons; not absolute accuracy or equal-error qualification,"{""ADAPTIVE_MULTIPOLES"":""0"",""CUDA_MODULE_LOADING"":""EAGER"",""CUDA_VISIBLE_DEVICES"":""GPU-afe64fb5-5dcf-fcec-1dfe-1966ca6419f1"",""FMM_CUDA_GRAPH"":""0"",""FMM_CUDA_GRAPH_WARMUP"":""4"",""FMM_PHASE_SYNC"":""0"",""FMM_TIME_PREPROCESS_ONLY"":""0"",""FMM_TREE_PRECISION"":""0"",""FMSOLVR_ADAPTIVE_ASYNC"":""0"",""FMSOLVR_ADAPTIVE_BUCKET"":""128"",""FMSOLVR_ADAPTIVE_CACHE_LISTS"":""1"",""FMSOLVR_ADAPTIVE_CRITERION"":""0"",""FMSOLVR_ADAPTIVE_E2E_BLOCK_CAP"":""128"",""FMSOLVR_ADAPTIVE_P2M_BLOCK"":""128"",""FMSOLVR_ADAPTIVE_TREE"":""1"",""FMSOLVR_ADAPTIVE_UPDATE"":""0"",""FMSOLVR_COMPUTE_POTENTIAL"":""1"",""FMSOLVR_L2L_PRECISION"":""0"",""FMSOLVR_M2L_FP16_PMAX"":""-1"",""FMSOLVR_M2L_REGRESIDENT"":""0"",""FMSOLVR_M2L_SRC_CACHE"":""0"",""FMSOLVR_M2L_SRC_REGRES"":""0"",""FMSOLVR_M2M_PRECISION"":""0"",""NUMBER_OF_PRINTED_PARTICLES"":""0"",""NVSHMEM_REMOTE_TRANSPORT"":""none"",""NVSHMEM_SYMMETRIC_SIZE"":""2G"",""OMPI_MCA_accelerator"":""null"",""OMPI_MCA_btl"":""self,tcp"",""OMPI_MCA_pml"":""ob1"",""OMP_NUM_THREADS"":""1"",""OPENBLAS_NUM_THREADS"":""1"",""P_SEARCH"":""0"",""P_SEARCH_POTENTIAL"":""0"",""RUN_DIPOLE_RT"":""1"",""SOURCE_CENTRIC_M2L"":""0""}",NVIDIA RTX 5060 Ti 16GB,GPU-afe64fb5-5dcf-fcec-1dfe-1966ca6419f1,"6,8",1,cf66ecfa353d34d46c601a1a99204e6f31b2d750,ba5b2ab692321b48c9c7940ee44d7ecfaee3c77a,114537,measurement harness,6.117501648959375,0.014667156614191122,6.0968914494375,6.135525785796875,0.0699865006015625,0.0006754904687231684,0.069388243015625,0.071011501859375,0.5444676149796875,0.006885426274670194,0.5384947526015625,0.5529058944765625,0.552948958653125,0.004251798378775654,0.54762455871875,0.5585141134609375,0.269649236734375,0.0008340394572258939,0.268867161125,0.2708719039140625,4.68044933801875,0.008001381709790388,4.669045238140625,4.68781602825,0.168853266215625,0.0018404084299781867,6.286354915175,0.01469181026078854,6.110764454231771,-0.11012983917626507,0.07004896056770833,0.5436931169192708,0.5520027067838542,0.27031095790104165,4.674708712020833,completed compute; upload/init excluded; native host intervals,False
coulomb_early,first_update,MEASURED,114537,moving window,FP32,8,True,5,128,20,update,2,LeafCount,128,1,0,92af93641974d39c60786d0e9774c21aab5ab70985911219a6f1e0bd9bc54433,8c5dd90f47b73c66259c2ecb5d5f1b8c0d45ce27b970b97e52f7b08ffcf475ec,confirm_b0_coulomb_early_first_update;confirm_b1_coulomb_early_first_update;confirm_b2_coulomb_early_first_update;confirm_b3_coulomb_early_first_update_retry1;confirm_b4_coulomb_early_first_update,raw/confirm_b0_coulomb_early_first_update/launch.json,True,148,6.71239046378057e-07,1.2771494164894516e-07,same-geometry implementation comparisons; not absolute accuracy or equal-error qualification,"{""ADAPTIVE_MULTIPOLES"":""0"",""CUDA_MODULE_LOADING"":""EAGER"",""CUDA_VISIBLE_DEVICES"":""GPU-afe64fb5-5dcf-fcec-1dfe-1966ca6419f1"",""FMM_CUDA_GRAPH"":""0"",""FMM_CUDA_GRAPH_WARMUP"":""4"",""FMM_PHASE_SYNC"":""0"",""FMM_TIME_PREPROCESS_ONLY"":""0"",""FMM_TREE_PRECISION"":""0"",""FMSOLVR_ADAPTIVE_ASYNC"":""0"",""FMSOLVR_ADAPTIVE_BUCKET"":""128"",""FMSOLVR_ADAPTIVE_CACHE_LISTS"":""1"",""FMSOLVR_ADAPTIVE_CRITERION"":""0"",""FMSOLVR_ADAPTIVE_E2E_BLOCK_CAP"":""128"",""FMSOLVR_ADAPTIVE_P2M_BLOCK"":""128"",""FMSOLVR_ADAPTIVE_TREE"":""1"",""FMSOLVR_ADAPTIVE_UPDATE"":""1"",""FMSOLVR_COMPUTE_POTENTIAL"":""1"",""FMSOLVR_L2L_PRECISION"":""0"",""FMSOLVR_M2L_FP16_PMAX"":""-1"",""FMSOLVR_M2L_REGRESIDENT"":""0"",""FMSOLVR_M2L_SRC_CACHE"":""0"",""FMSOLVR_M2L_SRC_REGRES"":""0"",""FMSOLVR_M2M_PRECISION"":""0"",""NUMBER_OF_PRINTED_PARTICLES"":""0"",""NVSHMEM_REMOTE_TRANSPORT"":""none"",""NVSHMEM_SYMMETRIC_SIZE"":""2G"",""OMPI_MCA_accelerator"":""null"",""OMPI_MCA_btl"":""self,tcp"",""OMPI_MCA_pml"":""ob1"",""OMP_NUM_THREADS"":""1"",""OPENBLAS_NUM_THREADS"":""1"",""P_SEARCH"":""0"",""P_SEARCH_POTENTIAL"":""0"",""RUN_DIPOLE_RT"":""1"",""SOURCE_CENTRIC_M2L"":""0""}",NVIDIA RTX 5060 Ti 16GB,GPU-afe64fb5-5dcf-fcec-1dfe-1966ca6419f1,"6,8",1,cf66ecfa353d34d46c601a1a99204e6f31b2d750,ba5b2ab692321b48c9c7940ee44d7ecfaee3c77a,114537,measurement harness,5.760676034351563,0.01880159245607265,5.73914786040625,5.777886090054688,0.0688103915234375,0.0004911830839301808,0.0681056899140625,0.069217549046875,0.1898115533390625,0.0018071340148148112,0.18728191571875,0.19145935040625,0.552279939796875,0.004080719144358686,0.547459636421875,0.55727043403125,0.26886402704375,0.001145426184858569,0.267533590890625,0.2700805035078125,4.680910122601563,0.012984142380748716,4.665083992179688,4.695609621210938,0.168990005471875,0.0009131879573613287,5.929666039823437,0.019515831352535797,5.7678032529375,0.12372191290461743,0.06991440449739583,0.19778408627083333,0.5528281896041667,0.26982053835677083,4.677456034190104,completed compute; upload/init excluded; native host intervals,False
coulomb_early,newest,MEASURED,114537,moving window,FP32,8,True,5,128,20,current,3,NFCount,221184,1,0,d684812c7dcc8d7dc2d10ff683b48f43681255b0048a4da7e6d06482e593ab88,8c5dd90f47b73c66259c2ecb5d5f1b8c0d45ce27b970b97e52f7b08ffcf475ec,confirm_b0_coulomb_early_newest;confirm_b1_coulomb_early_newest;confirm_b2_coulomb_early_newest;confirm_b3_coulomb_early_newest_retry1;confirm_b4_coulomb_early_newest,raw/confirm_b0_coulomb_early_newest/launch.json,True,148,2.3457681100030242e-07,1.1453965798757639e-07,same-geometry implementation comparisons; not absolute accuracy or equal-error qualification,"{""ADAPTIVE_MULTIPOLES"":""0"",""CUDA_MODULE_LOADING"":""EAGER"",""CUDA_VISIBLE_DEVICES"":""GPU-afe64fb5-5dcf-fcec-1dfe-1966ca6419f1"",""FMM_CUDA_GRAPH"":""0"",""FMM_CUDA_GRAPH_WARMUP"":""4"",""FMM_PHASE_SYNC"":""0"",""FMM_TIME_PREPROCESS_ONLY"":""0"",""FMM_TREE_PRECISION"":""0"",""FMSOLVR_ADAPTIVE_ASYNC"":""0"",""FMSOLVR_ADAPTIVE_BUCKET"":""221184"",""FMSOLVR_ADAPTIVE_CACHE_LISTS"":""1"",""FMSOLVR_ADAPTIVE_CRITERION"":""1"",""FMSOLVR_ADAPTIVE_E2E_BLOCK_CAP"":""128"",""FMSOLVR_ADAPTIVE_P2M_BLOCK"":""128"",""FMSOLVR_ADAPTIVE_PACK_METADATA"":""1"",""FMSOLVR_ADAPTIVE_REUSE_INGEST"":""2"",""FMSOLVR_ADAPTIVE_SKIP_DENSE_NF"":""1"",""FMSOLVR_ADAPTIVE_TREE"":""1"",""FMSOLVR_ADAPTIVE_UPDATE"":""1"",""FMSOLVR_COMPUTE_POTENTIAL"":""1"",""FMSOLVR_L2L_PRECISION"":""0"",""FMSOLVR_M2L_FP16_PMAX"":""-1"",""FMSOLVR_M2L_REGRESIDENT"":""1"",""FMSOLVR_M2M_PRECISION"":""0"",""NUMBER_OF_PRINTED_PARTICLES"":""0"",""NVSHMEM_REMOTE_TRANSPORT"":""none"",""NVSHMEM_SYMMETRIC_SIZE"":""2G"",""OMPI_MCA_accelerator"":""null"",""OMPI_MCA_btl"":""self,tcp"",""OMPI_MCA_pml"":""ob1"",""OMP_NUM_THREADS"":""1"",""OPENBLAS_NUM_THREADS"":""1"",""P_SEARCH"":""0"",""P_SEARCH_POTENTIAL"":""0"",""RUN_DIPOLE_RT"":""1""}",NVIDIA RTX 5060 Ti 16GB,GPU-afe64fb5-5dcf-fcec-1dfe-1966ca6419f1,"6,8",1,ade53cbf2b505f3d60897b7cd0ada742ebf74a66,f4cf483deb81aab4882d8e74b5b38b86aeb7e392,114537,measurement harness,2.355075782903125,0.006164613917793443,2.345925022375,2.36175782990625,0.0550555869140625,0.00048111085259333933,0.0544099184375,0.0557349631015625,0.1542484780671875,0.0016031520883170631,0.152953592984375,0.1566995270234375,0.0603047213875,0.0004796424562758415,0.059638307,0.0607938909375,0.10084942841875,0.0001488272396029315,0.1006607017265625,0.100973011296875,1.9846175680921876,0.004827320608387444,1.9765220949921876,1.98840524175,0.1680846315078125,0.0013604979457272608,2.5231604144109374,0.007113855904228292,2.3620005570911458,0.29403615112055803,0.056175607796875,0.1545515321484375,0.06182529551041666,0.10167469920052083,1.9877734224088541,completed compute; upload/init excluded; native host intervals,False
coulomb_late,dense,MEASURED,114537,moving window,FP32,8,True,5,128,20,dense,5,not applicable,,0,0,d684812c7dcc8d7dc2d10ff683b48f43681255b0048a4da7e6d06482e593ab88,6a2b01ae6ed997da234d75bf56dd2f5a2f2b2c96eb2b450e98ee5290e5ed3237,confirm_b0_coulomb_late_dense;confirm_b1_coulomb_late_dense;confirm_b2_coulomb_late_dense;confirm_b3_coulomb_late_dense;confirm_b4_coulomb_late_dense,raw/confirm_b0_coulomb_late_dense/launch.json,True,148,1.5058700409859843e-06,2.8621843223665815e-07,same-geometry implementation comparisons; not absolute accuracy or equal-error qualification,"{""ADAPTIVE_MULTIPOLES"":""0"",""CUDA_MODULE_LOADING"":""EAGER"",""CUDA_VISIBLE_DEVICES"":""GPU-afe64fb5-5dcf-fcec-1dfe-1966ca6419f1"",""FMM_CUDA_GRAPH"":""0"",""FMM_CUDA_GRAPH_WARMUP"":""4"",""FMM_PHASE_SYNC"":""0"",""FMM_TIME_PREPROCESS_ONLY"":""0"",""FMM_TREE_PRECISION"":""0"",""FMSOLVR_ADAPTIVE_ASYNC"":""0"",""FMSOLVR_ADAPTIVE_BUCKET"":""64"",""FMSOLVR_ADAPTIVE_CACHE_LISTS"":""1"",""FMSOLVR_ADAPTIVE_CRITERION"":""0"",""FMSOLVR_ADAPTIVE_E2E_BLOCK_CAP"":""128"",""FMSOLVR_ADAPTIVE_TREE"":""0"",""FMSOLVR_ADAPTIVE_UPDATE"":""1"",""FMSOLVR_COMPUTE_POTENTIAL"":""1"",""FMSOLVR_L2L_PRECISION"":""0"",""FMSOLVR_M2L_FP16_PMAX"":""-1"",""FMSOLVR_M2L_REGRESIDENT"":""1"",""FMSOLVR_M2M_PRECISION"":""0"",""FMSOLVR_NF_AGGREGATE"":""0"",""FMSOLVR_P2P_TILE2D"":""1"",""FMSOLVR_P2P_TILE2D_GRID"":""64"",""NUMBER_OF_PRINTED_PARTICLES"":""0"",""NVSHMEM_REMOTE_TRANSPORT"":""none"",""NVSHMEM_SYMMETRIC_SIZE"":""2G"",""OMPI_MCA_accelerator"":""null"",""OMPI_MCA_btl"":""self,tcp"",""OMPI_MCA_pml"":""ob1"",""OMP_NUM_THREADS"":""1"",""OPENBLAS_NUM_THREADS"":""1"",""P_SEARCH"":""0"",""P_SEARCH_POTENTIAL"":""0"",""RUN_DIPOLE_RT"":""1""}",NVIDIA RTX 5060 Ti 16GB,GPU-afe64fb5-5dcf-fcec-1dfe-1966ca6419f1,"6,8",1,ade53cbf2b505f3d60897b7cd0ada742ebf74a66,not applicable,114537,measurement harness,7.09810027981875,0.03743788199361146,7.055987800375,7.139132814695312,0.15639688934999998,0.0011480502146657705,0.154570008796875,0.1576299946328125,0.0,0.0,0.0,0.0,0.0,0.0,0.0,0.0,1.65948515625e-05,2.931109188382234e-07,1.6092421875e-05,1.6854609375e-05,6.941686795484375,0.036654255329152355,6.90140169896875,6.981485965375,0.1682648802921875,0.0007905932316880315,7.266365160110937,0.03793355096522131,8.394767561789061,18.267807312570426,1.9024954284114584,0.0,0.0,0.0004446107083333333,6.491827522651042,completed compute; upload/init excluded; native host intervals,False
coulomb_late,first_complete,MEASURED,114537,moving window,FP32,8,True,5,128,20,old,3,LeafCount,64,0,0,1a4c310cab1b3dbc192eec95c5157eb37f6b40dc72165378221d65c08e372749,6a2b01ae6ed997da234d75bf56dd2f5a2f2b2c96eb2b450e98ee5290e5ed3237,confirm_b0_coulomb_late_first_complete;confirm_b1_coulomb_late_first_complete;confirm_b2_coulomb_late_first_complete;confirm_b3_coulomb_late_first_complete;confirm_b4_coulomb_late_first_complete,raw/confirm_b0_coulomb_late_first_complete/launch.json,True,148,1.6244385704959008e-07,2.541626025527751e-07,same-geometry implementation comparisons; not absolute accuracy or equal-error qualification,"{""ADAPTIVE_MULTIPOLES"":""0"",""CUDA_MODULE_LOADING"":""EAGER"",""CUDA_VISIBLE_DEVICES"":""GPU-afe64fb5-5dcf-fcec-1dfe-1966ca6419f1"",""FMM_CUDA_GRAPH"":""0"",""FMM_CUDA_GRAPH_WARMUP"":""4"",""FMM_PHASE_SYNC"":""0"",""FMM_TIME_PREPROCESS_ONLY"":""0"",""FMM_TREE_PRECISION"":""0"",""FMSOLVR_ADAPTIVE_ASYNC"":""0"",""FMSOLVR_ADAPTIVE_BUCKET"":""64"",""FMSOLVR_ADAPTIVE_CACHE_LISTS"":""1"",""FMSOLVR_ADAPTIVE_CRITERION"":""0"",""FMSOLVR_ADAPTIVE_E2E_BLOCK_CAP"":""128"",""FMSOLVR_ADAPTIVE_TREE"":""1"",""FMSOLVR_ADAPTIVE_UPDATE"":""1"",""FMSOLVR_COMPUTE_POTENTIAL"":""1"",""FMSOLVR_L2L_PRECISION"":""0"",""FMSOLVR_M2L_FP16_PMAX"":""-1"",""FMSOLVR_M2L_REGRESIDENT"":""0"",""FMSOLVR_M2L_SRC_CACHE"":""0"",""FMSOLVR_M2L_SRC_REGRES"":""0"",""FMSOLVR_M2M_PRECISION"":""0"",""NUMBER_OF_PRINTED_PARTICLES"":""0"",""NVSHMEM_REMOTE_TRANSPORT"":""none"",""NVSHMEM_SYMMETRIC_SIZE"":""2G"",""OMPI_MCA_accelerator"":""null"",""OMPI_MCA_btl"":""self,tcp"",""OMPI_MCA_pml"":""ob1"",""OMP_NUM_THREADS"":""1"",""OPENBLAS_NUM_THREADS"":""1"",""P_SEARCH"":""0"",""P_SEARCH_POTENTIAL"":""0"",""RUN_DIPOLE_RT"":""1"",""SOURCE_CENTRIC_M2L"":""0""}",NVIDIA RTX 5060 Ti 16GB,GPU-afe64fb5-5dcf-fcec-1dfe-1966ca6419f1,"6,8",1,defbd693a041874250d549c5c0944c21f32e01ed,81951d0a70b2c37a1bde76bfa1a338a18d89a8a1,114537,measurement harness,10.396294483148438,0.015301750728560874,10.377112490515625,10.418617464914062,0.1232535774671875,0.0022563209644311548,0.1213710511328125,0.1271415913203125,1.2638070715140626,0.0017805628196684395,1.261845787671875,1.266428997046875,1.411938845196875,0.004122600817197381,1.406673156421875,1.4160946411718751,0.7566630614703125,0.012331028453926758,0.7477836170234375,0.7783187811484376,6.840631927476562,0.004516548299900715,6.834202851695313,6.846625488804688,0.171274209421875,0.0002387691423224935,10.567568692570312,0.015310312506559768,10.4875396058125,0.8776696621278335,0.31362514343229164,1.185333417497396,1.3896374093880208,0.7534323194661459,6.845511316,completed compute; upload/init excluded; native host intervals,False
coulomb_late,first_update_rebuild,MEASURED,114537,moving window,FP32,8,True,5,128,20,update,3,LeafCount,128,0,0,92af93641974d39c60786d0e9774c21aab5ab70985911219a6f1e0bd9bc54433,6a2b01ae6ed997da234d75bf56dd2f5a2f2b2c96eb2b450e98ee5290e5ed3237,confirm_b0_coulomb_late_first_update_rebuild;confirm_b1_coulomb_late_first_update_rebuild;confirm_b2_coulomb_late_first_update_rebuild;confirm_b3_coulomb_late_first_update_rebuild;confirm_b4_coulomb_late_first_update_rebuild,raw/confirm_b0_coulomb_late_first_update_rebuild/launch.json,True,12,2.4994597168173874e-07,2.2128386841363875e-07,same-geometry implementation comparisons; not absolute accuracy or equal-error qualification,"{""ADAPTIVE_MULTIPOLES"":""0"",""CUDA_MODULE_LOADING"":""EAGER"",""CUDA_VISIBLE_DEVICES"":""GPU-afe64fb5-5dcf-fcec-1dfe-1966ca6419f1"",""FMM_CUDA_GRAPH"":""0"",""FMM_CUDA_GRAPH_WARMUP"":""4"",""FMM_PHASE_SYNC"":""0"",""FMM_TIME_PREPROCESS_ONLY"":""0"",""FMM_TREE_PRECISION"":""0"",""FMSOLVR_ADAPTIVE_ASYNC"":""0"",""FMSOLVR_ADAPTIVE_BUCKET"":""128"",""FMSOLVR_ADAPTIVE_CACHE_LISTS"":""1"",""FMSOLVR_ADAPTIVE_CRITERION"":""0"",""FMSOLVR_ADAPTIVE_E2E_BLOCK_CAP"":""128"",""FMSOLVR_ADAPTIVE_P2M_BLOCK"":""128"",""FMSOLVR_ADAPTIVE_TREE"":""1"",""FMSOLVR_ADAPTIVE_UPDATE"":""0"",""FMSOLVR_COMPUTE_POTENTIAL"":""1"",""FMSOLVR_L2L_PRECISION"":""0"",""FMSOLVR_M2L_FP16_PMAX"":""-1"",""FMSOLVR_M2L_REGRESIDENT"":""0"",""FMSOLVR_M2L_SRC_CACHE"":""0"",""FMSOLVR_M2L_SRC_REGRES"":""0"",""FMSOLVR_M2M_PRECISION"":""0"",""NUMBER_OF_PRINTED_PARTICLES"":""0"",""NVSHMEM_REMOTE_TRANSPORT"":""none"",""NVSHMEM_SYMMETRIC_SIZE"":""2G"",""OMPI_MCA_accelerator"":""null"",""OMPI_MCA_btl"":""self,tcp"",""OMPI_MCA_pml"":""ob1"",""OMP_NUM_THREADS"":""1"",""OPENBLAS_NUM_THREADS"":""1"",""P_SEARCH"":""0"",""P_SEARCH_POTENTIAL"":""0"",""RUN_DIPOLE_RT"":""1"",""SOURCE_CENTRIC_M2L"":""0""}",NVIDIA RTX 5060 Ti 16GB,GPU-afe64fb5-5dcf-fcec-1dfe-1966ca6419f1,"6,8",1,cf66ecfa353d34d46c601a1a99204e6f31b2d750,ba5b2ab692321b48c9c7940ee44d7ecfaee3c77a,114537,measurement harness,5.141233098396874,0.011820172071383526,5.12747215725,5.1595401455625,0.0733089433078125,0.0006174487375727337,0.0724806177421875,0.07395298959375,0.4227519802859375,0.0028356502032840947,0.420676537,0.427529383140625,0.5060861935171875,0.0022378519856718023,0.50427948378125,0.509865834828125,0.248188449053125,0.0006599167919608603,0.247286578078125,0.24902003314843751,3.8908975322609374,0.006172593389485357,3.8827489406484377,3.8993524231171874,0.1678715074109375,0.0019722716515325283,5.309104605807812,0.013059314660941615,5.162152498067709,0.4068945964997628,0.07397761572395833,0.43115856170833333,0.5061040592421875,0.24885503443229165,3.902057226986979,completed compute; upload/init excluded; native host intervals,False
coulomb_late,first_update,MEASURED,114537,moving window,FP32,8,True,5,128,20,update,3,LeafCount,128,1,0,92af93641974d39c60786d0e9774c21aab5ab70985911219a6f1e0bd9bc54433,6a2b01ae6ed997da234d75bf56dd2f5a2f2b2c96eb2b450e98ee5290e5ed3237,confirm_b0_coulomb_late_first_update;confirm_b1_coulomb_late_first_update;confirm_b2_coulomb_late_first_update;confirm_b3_coulomb_late_first_update;confirm_b4_coulomb_late_first_update,raw/confirm_b0_coulomb_late_first_update/launch.json,True,148,2.739510068770464e-07,2.6360940090360613e-07,same-geometry implementation comparisons; not absolute accuracy or equal-error qualification,"{""ADAPTIVE_MULTIPOLES"":""0"",""CUDA_MODULE_LOADING"":""EAGER"",""CUDA_VISIBLE_DEVICES"":""GPU-afe64fb5-5dcf-fcec-1dfe-1966ca6419f1"",""FMM_CUDA_GRAPH"":""0"",""FMM_CUDA_GRAPH_WARMUP"":""4"",""FMM_PHASE_SYNC"":""0"",""FMM_TIME_PREPROCESS_ONLY"":""0"",""FMM_TREE_PRECISION"":""0"",""FMSOLVR_ADAPTIVE_ASYNC"":""0"",""FMSOLVR_ADAPTIVE_BUCKET"":""128"",""FMSOLVR_ADAPTIVE_CACHE_LISTS"":""1"",""FMSOLVR_ADAPTIVE_CRITERION"":""0"",""FMSOLVR_ADAPTIVE_E2E_BLOCK_CAP"":""128"",""FMSOLVR_ADAPTIVE_P2M_BLOCK"":""128"",""FMSOLVR_ADAPTIVE_TREE"":""1"",""FMSOLVR_ADAPTIVE_UPDATE"":""1"",""FMSOLVR_COMPUTE_POTENTIAL"":""1"",""FMSOLVR_L2L_PRECISION"":""0"",""FMSOLVR_M2L_FP16_PMAX"":""-1"",""FMSOLVR_M2L_REGRESIDENT"":""0"",""FMSOLVR_M2L_SRC_CACHE"":""0"",""FMSOLVR_M2L_SRC_REGRES"":""0"",""FMSOLVR_M2M_PRECISION"":""0"",""NUMBER_OF_PRINTED_PARTICLES"":""0"",""NVSHMEM_REMOTE_TRANSPORT"":""none"",""NVSHMEM_SYMMETRIC_SIZE"":""2G"",""OMPI_MCA_accelerator"":""null"",""OMPI_MCA_btl"":""self,tcp"",""OMPI_MCA_pml"":""ob1"",""OMP_NUM_THREADS"":""1"",""OPENBLAS_NUM_THREADS"":""1"",""P_SEARCH"":""0"",""P_SEARCH_POTENTIAL"":""0"",""RUN_DIPOLE_RT"":""1"",""SOURCE_CENTRIC_M2L"":""0""}",NVIDIA RTX 5060 Ti 16GB,GPU-afe64fb5-5dcf-fcec-1dfe-1966ca6419f1,"6,8",1,cf66ecfa353d34d46c601a1a99204e6f31b2d750,ba5b2ab692321b48c9c7940ee44d7ecfaee3c77a,114537,measurement harness,4.893243216065625,0.01346544172006725,4.881259326804687,4.91164331284375,0.07475594502343749,0.0022458602884229953,0.0723866414765625,0.0771159284375,0.1704323767671875,0.002786561037844919,0.167746320578125,0.1736099384765625,0.5038582090578125,0.006064010181435796,0.49824209053125,0.513208229671875,0.2484255139171875,0.0012898516726221713,0.24714253234375,0.2501614508125,3.8957711713125,0.0024130956571056083,3.8938291309375,3.898760815015625,0.1713756391796875,0.002606371419383205,5.064618855245312,0.01563201395518704,4.892842860505208,-0.008181803820872524,0.07342242377604166,0.17548784006249998,0.50285938475,0.2485738817421875,3.8924993302057294,completed compute; upload/init excluded; native host intervals,False
coulomb_late,newest,MEASURED,114537,moving window,FP32,8,True,5,128,20,current,4,NFCount,221184,1,1,d684812c7dcc8d7dc2d10ff683b48f43681255b0048a4da7e6d06482e593ab88,6a2b01ae6ed997da234d75bf56dd2f5a2f2b2c96eb2b450e98ee5290e5ed3237,confirm_b0_coulomb_late_newest;confirm_b1_coulomb_late_newest;confirm_b2_coulomb_late_newest;confirm_b3_coulomb_late_newest;confirm_b4_coulomb_late_newest,raw/confirm_b0_coulomb_late_newest/launch.json,True,148,1.6940772946803584e-07,1.1449316397293889e-07,same-geometry implementation comparisons; not absolute accuracy or equal-error qualification,"{""ADAPTIVE_MULTIPOLES"":""0"",""CUDA_MODULE_LOADING"":""EAGER"",""CUDA_VISIBLE_DEVICES"":""GPU-afe64fb5-5dcf-fcec-1dfe-1966ca6419f1"",""FMM_CUDA_GRAPH"":""1"",""FMM_CUDA_GRAPH_WARMUP"":""4"",""FMM_PHASE_SYNC"":""0"",""FMM_TIME_PREPROCESS_ONLY"":""0"",""FMM_TREE_PRECISION"":""0"",""FMSOLVR_ADAPTIVE_ASYNC"":""1"",""FMSOLVR_ADAPTIVE_BUCKET"":""221184"",""FMSOLVR_ADAPTIVE_CACHE_LISTS"":""1"",""FMSOLVR_ADAPTIVE_CRITERION"":""1"",""FMSOLVR_ADAPTIVE_E2E_BLOCK_CAP"":""128"",""FMSOLVR_ADAPTIVE_PACK_METADATA"":""1"",""FMSOLVR_ADAPTIVE_REUSE_INGEST"":""2"",""FMSOLVR_ADAPTIVE_SKIP_DENSE_NF"":""1"",""FMSOLVR_ADAPTIVE_TREE"":""1"",""FMSOLVR_ADAPTIVE_UPDATE"":""1"",""FMSOLVR_COMPUTE_POTENTIAL"":""1"",""FMSOLVR_L2L_PRECISION"":""0"",""FMSOLVR_M2L_FP16_PMAX"":""-1"",""FMSOLVR_M2L_REGRESIDENT"":""1"",""FMSOLVR_M2M_PRECISION"":""0"",""NUMBER_OF_PRINTED_PARTICLES"":""0"",""NVSHMEM_REMOTE_TRANSPORT"":""none"",""NVSHMEM_SYMMETRIC_SIZE"":""2G"",""OMPI_MCA_accelerator"":""null"",""OMPI_MCA_btl"":""self,tcp"",""OMPI_MCA_pml"":""ob1"",""OMP_NUM_THREADS"":""1"",""OPENBLAS_NUM_THREADS"":""1"",""P_SEARCH"":""0"",""P_SEARCH_POTENTIAL"":""0"",""RUN_DIPOLE_RT"":""1""}",NVIDIA RTX 5060 Ti 16GB,GPU-afe64fb5-5dcf-fcec-1dfe-1966ca6419f1,"6,8",1,ade53cbf2b505f3d60897b7cd0ada742ebf74a66,f4cf483deb81aab4882d8e74b5b38b86aeb7e392,114537,measurement harness,2.0409767461265624,0.011728900395997242,2.025660491203125,2.0541591729609374,0.0611110142796875,0.0008883135920329755,0.060112844921875,0.0621528760859375,0.13491719798281251,0.00035235718048773855,0.1343166531640625,0.1351817445078125,0.0620155449671875,0.0009453127544737373,0.061012087796875,0.063237725078125,0.052558067559375,0.0007472144100383761,0.0518688048203125,0.0537599826328125,1.7303749213078126,0.010030133982750563,1.717951341578125,1.742700193046875,0.169240762984375,0.002856234459947673,2.2102175091109375,0.013299027294777757,2.0572724988776043,0.7984291237991048,0.0627339395546875,0.13512981361197918,0.06290690844010417,0.05289062634114584,1.7436112108541666,completed compute; upload/init excluded; native host intervals,False
nacl,dense,MEASURED,6740,stationary snapshot replay,FP32,8,True,5,256,20,dense,2,not applicable,,0,0,d684812c7dcc8d7dc2d10ff683b48f43681255b0048a4da7e6d06482e593ab88,a331052f8082ca0005d83649dcb8de24f317795824c97387c5e52d433fd8d713,confirm_b0_nacl_dense;confirm_b1_nacl_dense;confirm_b2_nacl_dense;confirm_b3_nacl_dense;confirm_b4_nacl_dense,raw/confirm_b0_nacl_dense/launch.json,True,9,1.0409551181750947e-06,5.11248599804931e-06,same-geometry implementation comparisons; not absolute accuracy or equal-error qualification,"{""ADAPTIVE_MULTIPOLES"":""0"",""CUDA_MODULE_LOADING"":""EAGER"",""CUDA_VISIBLE_DEVICES"":""GPU-afe64fb5-5dcf-fcec-1dfe-1966ca6419f1"",""FMM_CUDA_GRAPH"":""0"",""FMM_CUDA_GRAPH_WARMUP"":""4"",""FMM_PHASE_SYNC"":""0"",""FMM_TIME_PREPROCESS_ONLY"":""0"",""FMM_TREE_PRECISION"":""0"",""FMSOLVR_ADAPTIVE_ASYNC"":""1"",""FMSOLVR_ADAPTIVE_BUCKET"":""64"",""FMSOLVR_ADAPTIVE_CACHE_LISTS"":""1"",""FMSOLVR_ADAPTIVE_CRITERION"":""0"",""FMSOLVR_ADAPTIVE_E2E_BLOCK_CAP"":""128"",""FMSOLVR_ADAPTIVE_TREE"":""0"",""FMSOLVR_ADAPTIVE_UPDATE"":""1"",""FMSOLVR_COMPUTE_POTENTIAL"":""1"",""FMSOLVR_L2L_PRECISION"":""0"",""FMSOLVR_M2L_FP16_PMAX"":""-1"",""FMSOLVR_M2L_REGRESIDENT"":""1"",""FMSOLVR_M2M_PRECISION"":""0"",""FMSOLVR_NF_AGGREGATE"":""0"",""FMSOLVR_P2P_TILE2D"":""1"",""FMSOLVR_P2P_TILE2D_GRID"":""64"",""NUMBER_OF_PRINTED_PARTICLES"":""0"",""NVSHMEM_REMOTE_TRANSPORT"":""none"",""NVSHMEM_SYMMETRIC_SIZE"":""2G"",""OMPI_MCA_accelerator"":""null"",""OMPI_MCA_btl"":""self,tcp"",""OMPI_MCA_pml"":""ob1"",""OMP_NUM_THREADS"":""1"",""OPENBLAS_NUM_THREADS"":""1"",""P_SEARCH"":""0"",""P_SEARCH_POTENTIAL"":""0"",""RUN_DIPOLE_RT"":""1""}",NVIDIA RTX 5060 Ti 16GB,GPU-afe64fb5-5dcf-fcec-1dfe-1966ca6419f1,"6,8",1,ade53cbf2b505f3d60897b7cd0ada742ebf74a66,not applicable,6740,measurement harness,0.2483128342640625,0.0004958381817085652,0.24772816051953125,0.2490792012265625,0.05253880026796875,0.00048377847669127096,0.05217278703125,0.0533204275,0.0,0.0,0.0,0.0,0.0,0.0,0.0,0.0,1.59802359375e-05,3.449814063283424e-07,1.56604765625e-05,1.654447265625e-05,0.19575805363125,0.00017334369170928746,0.19553960737109374,0.19598185100390625,0.01552607009140625,0.00014190323874835662,0.26383890435546875,0.0005638682616415777,0.284929575171875,14.746213588329171,0.07794540487890625,0.0,0.0,0.00034245324088541664,0.2066417170299479,completed compute; upload/init excluded; native host intervals,False
nacl,first_complete,MEASURED,6740,stationary snapshot replay,FP32,8,True,5,256,20,old,3,LeafCount,256,0,0,1a4c310cab1b3dbc192eec95c5157eb37f6b40dc72165378221d65c08e372749,a331052f8082ca0005d83649dcb8de24f317795824c97387c5e52d433fd8d713,confirm_b0_nacl_first_complete;confirm_b1_nacl_first_complete;confirm_b2_nacl_first_complete;confirm_b3_nacl_first_complete;confirm_b4_nacl_first_complete,raw/confirm_b0_nacl_first_complete/launch.json,True,9,9.748004179204467e-07,5.499992648856258e-06,same-geometry implementation comparisons; not absolute accuracy or equal-error qualification,"{""ADAPTIVE_MULTIPOLES"":""0"",""CUDA_MODULE_LOADING"":""EAGER"",""CUDA_VISIBLE_DEVICES"":""GPU-afe64fb5-5dcf-fcec-1dfe-1966ca6419f1"",""FMM_CUDA_GRAPH"":""0"",""FMM_CUDA_GRAPH_WARMUP"":""4"",""FMM_PHASE_SYNC"":""0"",""FMM_TIME_PREPROCESS_ONLY"":""0"",""FMM_TREE_PRECISION"":""0"",""FMSOLVR_ADAPTIVE_ASYNC"":""0"",""FMSOLVR_ADAPTIVE_BUCKET"":""256"",""FMSOLVR_ADAPTIVE_CACHE_LISTS"":""1"",""FMSOLVR_ADAPTIVE_CRITERION"":""0"",""FMSOLVR_ADAPTIVE_E2E_BLOCK_CAP"":""128"",""FMSOLVR_ADAPTIVE_TREE"":""1"",""FMSOLVR_ADAPTIVE_UPDATE"":""1"",""FMSOLVR_COMPUTE_POTENTIAL"":""1"",""FMSOLVR_L2L_PRECISION"":""0"",""FMSOLVR_M2L_FP16_PMAX"":""-1"",""FMSOLVR_M2L_REGRESIDENT"":""0"",""FMSOLVR_M2L_SRC_CACHE"":""0"",""FMSOLVR_M2L_SRC_REGRES"":""0"",""FMSOLVR_M2M_PRECISION"":""0"",""NUMBER_OF_PRINTED_PARTICLES"":""0"",""NVSHMEM_REMOTE_TRANSPORT"":""none"",""NVSHMEM_SYMMETRIC_SIZE"":""2G"",""OMPI_MCA_accelerator"":""null"",""OMPI_MCA_btl"":""self,tcp"",""OMPI_MCA_pml"":""ob1"",""OMP_NUM_THREADS"":""1"",""OPENBLAS_NUM_THREADS"":""1"",""P_SEARCH"":""0"",""P_SEARCH_POTENTIAL"":""0"",""RUN_DIPOLE_RT"":""1"",""SOURCE_CENTRIC_M2L"":""0""}",NVIDIA RTX 5060 Ti 16GB,GPU-afe64fb5-5dcf-fcec-1dfe-1966ca6419f1,"6,8",1,defbd693a041874250d549c5c0944c21f32e01ed,81951d0a70b2c37a1bde76bfa1a338a18d89a8a1,6740,measurement harness,1.4488787379257813,0.006736995026029697,1.44264844128125,1.4563815384296874,0.05785302709375,0.0008953746815620597,0.056919289828125,0.05924955437109375,0.34221710411640627,0.0035713325638546123,0.33943313975390627,0.34694550961328124,0.07130004413828125,0.001296954151910562,0.069952743625,0.072667045046875,0.0739411152625,0.0006836478953615767,0.0733199567578125,0.0749301716328125,0.9035674473039063,0.0006218731667250548,0.9028647082148438,0.904410435375,0.01635946864921875,0.0003824575890479746,1.465238206575,0.007043114057567497,1.4531086838567708,0.2919461663883016,0.05797597351432292,0.3544827113893229,0.06261570402213543,0.07445842645703124,0.9035758685091145,completed compute; upload/init excluded; native host intervals,False
nacl,first_update_rebuild,MEASURED,6740,stationary snapshot replay,FP32,8,True,5,256,20,update,2,LeafCount,128,0,0,92af93641974d39c60786d0e9774c21aab5ab70985911219a6f1e0bd9bc54433,a331052f8082ca0005d83649dcb8de24f317795824c97387c5e52d433fd8d713,confirm_b0_nacl_first_update_rebuild;confirm_b1_nacl_first_update_rebuild;confirm_b2_nacl_first_update_rebuild;confirm_b3_nacl_first_update_rebuild;confirm_b4_nacl_first_update_rebuild,raw/confirm_b0_nacl_first_update_rebuild/launch.json,True,9,4.2394026691286195e-07,3.5372478245074736e-06,same-geometry implementation comparisons; not absolute accuracy or equal-error qualification,"{""ADAPTIVE_MULTIPOLES"":""0"",""CUDA_MODULE_LOADING"":""EAGER"",""CUDA_VISIBLE_DEVICES"":""GPU-afe64fb5-5dcf-fcec-1dfe-1966ca6419f1"",""FMM_CUDA_GRAPH"":""0"",""FMM_CUDA_GRAPH_WARMUP"":""4"",""FMM_PHASE_SYNC"":""0"",""FMM_TIME_PREPROCESS_ONLY"":""0"",""FMM_TREE_PRECISION"":""0"",""FMSOLVR_ADAPTIVE_ASYNC"":""0"",""FMSOLVR_ADAPTIVE_BUCKET"":""128"",""FMSOLVR_ADAPTIVE_CACHE_LISTS"":""1"",""FMSOLVR_ADAPTIVE_CRITERION"":""0"",""FMSOLVR_ADAPTIVE_E2E_BLOCK_CAP"":""128"",""FMSOLVR_ADAPTIVE_P2M_BLOCK"":""256"",""FMSOLVR_ADAPTIVE_TREE"":""1"",""FMSOLVR_ADAPTIVE_UPDATE"":""0"",""FMSOLVR_COMPUTE_POTENTIAL"":""1"",""FMSOLVR_L2L_PRECISION"":""0"",""FMSOLVR_M2L_FP16_PMAX"":""-1"",""FMSOLVR_M2L_REGRESIDENT"":""0"",""FMSOLVR_M2L_SRC_CACHE"":""0"",""FMSOLVR_M2L_SRC_REGRES"":""0"",""FMSOLVR_M2M_PRECISION"":""0"",""NUMBER_OF_PRINTED_PARTICLES"":""0"",""NVSHMEM_REMOTE_TRANSPORT"":""none"",""NVSHMEM_SYMMETRIC_SIZE"":""2G"",""OMPI_MCA_accelerator"":""null"",""OMPI_MCA_btl"":""self,tcp"",""OMPI_MCA_pml"":""ob1"",""OMP_NUM_THREADS"":""1"",""OPENBLAS_NUM_THREADS"":""1"",""P_SEARCH"":""0"",""P_SEARCH_POTENTIAL"":""0"",""RUN_DIPOLE_RT"":""1"",""SOURCE_CENTRIC_M2L"":""0""}",NVIDIA RTX 5060 Ti 16GB,GPU-afe64fb5-5dcf-fcec-1dfe-1966ca6419f1,"6,8",1,cf66ecfa353d34d46c601a1a99204e6f31b2d750,ba5b2ab692321b48c9c7940ee44d7ecfaee3c77a,6740,measurement harness,1.171669746134375,0.007144792664982485,1.163806323328125,1.183191733609375,0.05081750424296875,0.00012629718061997233,0.0506940969296875,0.05097497798046875,0.20132570262265626,0.0012114973770065481,0.20023872275390625,0.20336458053125,0.45051234864921874,0.005302072759465086,0.4444888218203125,0.4587718940507812,0.08419596561328124,0.00032277721664918715,0.083817259109375,0.0846123257578125,0.3848182250257813,0.00037824453841404443,0.38449465045703124,0.38546795531640626,0.016352116096875,0.00012083324937271383,1.18802186223125,0.007168657229508388,1.1711066517942708,-0.04805913457798239,0.05136171270703125,0.20621728831380207,0.44394591805468747,0.08427293658463542,0.38530879616145836,completed compute; upload/init excluded; native host intervals,False
nacl,first_update,MEASURED,6740,stationary snapshot replay,FP32,8,True,5,256,20,update,2,LeafCount,128,1,0,92af93641974d39c60786d0e9774c21aab5ab70985911219a6f1e0bd9bc54433,a331052f8082ca0005d83649dcb8de24f317795824c97387c5e52d433fd8d713,confirm_b0_nacl_first_update;confirm_b1_nacl_first_update;confirm_b2_nacl_first_update;confirm_b3_nacl_first_update;confirm_b4_nacl_first_update,raw/confirm_b0_nacl_first_update/launch.json,True,9,4.2368507650608983e-07,3.500657190973078e-06,same-geometry implementation comparisons; not absolute accuracy or equal-error qualification,"{""ADAPTIVE_MULTIPOLES"":""0"",""CUDA_MODULE_LOADING"":""EAGER"",""CUDA_VISIBLE_DEVICES"":""GPU-afe64fb5-5dcf-fcec-1dfe-1966ca6419f1"",""FMM_CUDA_GRAPH"":""0"",""FMM_CUDA_GRAPH_WARMUP"":""4"",""FMM_PHASE_SYNC"":""0"",""FMM_TIME_PREPROCESS_ONLY"":""0"",""FMM_TREE_PRECISION"":""0"",""FMSOLVR_ADAPTIVE_ASYNC"":""0"",""FMSOLVR_ADAPTIVE_BUCKET"":""128"",""FMSOLVR_ADAPTIVE_CACHE_LISTS"":""1"",""FMSOLVR_ADAPTIVE_CRITERION"":""0"",""FMSOLVR_ADAPTIVE_E2E_BLOCK_CAP"":""128"",""FMSOLVR_ADAPTIVE_P2M_BLOCK"":""256"",""FMSOLVR_ADAPTIVE_TREE"":""1"",""FMSOLVR_ADAPTIVE_UPDATE"":""1"",""FMSOLVR_COMPUTE_POTENTIAL"":""1"",""FMSOLVR_L2L_PRECISION"":""0"",""FMSOLVR_M2L_FP16_PMAX"":""-1"",""FMSOLVR_M2L_REGRESIDENT"":""0"",""FMSOLVR_M2L_SRC_CACHE"":""0"",""FMSOLVR_M2L_SRC_REGRES"":""0"",""FMSOLVR_M2M_PRECISION"":""0"",""NUMBER_OF_PRINTED_PARTICLES"":""0"",""NVSHMEM_REMOTE_TRANSPORT"":""none"",""NVSHMEM_SYMMETRIC_SIZE"":""2G"",""OMPI_MCA_accelerator"":""null"",""OMPI_MCA_btl"":""self,tcp"",""OMPI_MCA_pml"":""ob1"",""OMP_NUM_THREADS"":""1"",""OPENBLAS_NUM_THREADS"":""1"",""P_SEARCH"":""0"",""P_SEARCH_POTENTIAL"":""0"",""RUN_DIPOLE_RT"":""1"",""SOURCE_CENTRIC_M2L"":""0""}",NVIDIA RTX 5060 Ti 16GB,GPU-afe64fb5-5dcf-fcec-1dfe-1966ca6419f1,"6,8",1,cf66ecfa353d34d46c601a1a99204e6f31b2d750,ba5b2ab692321b48c9c7940ee44d7ecfaee3c77a,6740,measurement harness,1.0985932282015625,0.005889699205126948,1.0906895577070312,1.1060543638476563,0.0501944823375,0.00015248553190725753,0.05005775256640625,0.05042996779296875,0.13514300371640625,0.0006841906966551895,0.13401037630078125,0.13577692244921874,0.4440913355195312,0.005939102643554747,0.43613486014453123,0.45225253505859375,0.08419939877890625,0.0008413420017409607,0.08305506983203124,0.08502122548046875,0.38496500784140625,0.0005809510170559554,0.3843187532890625,0.38568579747265624,0.01648064208046875,0.0001773810243292651,1.1150738702820313,0.005913306522386729,1.1061021668789064,0.6835049119714887,0.050768102776041664,0.14195052974479166,0.4435798140169271,0.08492426845703124,0.38487945190494793,completed compute; upload/init excluded; native host intervals,False
nacl,newest,MEASURED,6740,stationary snapshot replay,FP32,8,True,5,256,20,current,3,LeafCount,64,1,1,d684812c7dcc8d7dc2d10ff683b48f43681255b0048a4da7e6d06482e593ab88,a331052f8082ca0005d83649dcb8de24f317795824c97387c5e52d433fd8d713,confirm_b0_nacl_newest;confirm_b1_nacl_newest;confirm_b2_nacl_newest;confirm_b3_nacl_newest;confirm_b4_nacl_newest,raw/confirm_b0_nacl_newest/launch.json,True,9,2.9022396120435256e-07,1.734310473500538e-06,same-geometry implementation comparisons; not absolute accuracy or equal-error qualification,"{""ADAPTIVE_MULTIPOLES"":""0"",""CUDA_MODULE_LOADING"":""EAGER"",""CUDA_VISIBLE_DEVICES"":""GPU-afe64fb5-5dcf-fcec-1dfe-1966ca6419f1"",""FMM_CUDA_GRAPH"":""1"",""FMM_CUDA_GRAPH_WARMUP"":""4"",""FMM_PHASE_SYNC"":""0"",""FMM_TIME_PREPROCESS_ONLY"":""0"",""FMM_TREE_PRECISION"":""0"",""FMSOLVR_ADAPTIVE_ASYNC"":""1"",""FMSOLVR_ADAPTIVE_BUCKET"":""64"",""FMSOLVR_ADAPTIVE_CACHE_LISTS"":""1"",""FMSOLVR_ADAPTIVE_CRITERION"":""0"",""FMSOLVR_ADAPTIVE_E2E_BLOCK_CAP"":""64"",""FMSOLVR_ADAPTIVE_PACK_METADATA"":""1"",""FMSOLVR_ADAPTIVE_REUSE_INGEST"":""2"",""FMSOLVR_ADAPTIVE_SKIP_DENSE_NF"":""1"",""FMSOLVR_ADAPTIVE_TREE"":""1"",""FMSOLVR_ADAPTIVE_UPDATE"":""1"",""FMSOLVR_COMPUTE_POTENTIAL"":""1"",""FMSOLVR_L2L_PRECISION"":""0"",""FMSOLVR_M2L_FP16_PMAX"":""-1"",""FMSOLVR_M2L_REGRESIDENT"":""1"",""FMSOLVR_M2M_PRECISION"":""0"",""NUMBER_OF_PRINTED_PARTICLES"":""0"",""NVSHMEM_REMOTE_TRANSPORT"":""none"",""NVSHMEM_SYMMETRIC_SIZE"":""2G"",""OMPI_MCA_accelerator"":""null"",""OMPI_MCA_btl"":""self,tcp"",""OMPI_MCA_pml"":""ob1"",""OMP_NUM_THREADS"":""1"",""OPENBLAS_NUM_THREADS"":""1"",""P_SEARCH"":""0"",""P_SEARCH_POTENTIAL"":""0"",""RUN_DIPOLE_RT"":""1""}",NVIDIA RTX 5060 Ti 16GB,GPU-afe64fb5-5dcf-fcec-1dfe-1966ca6419f1,"6,8",1,ade53cbf2b505f3d60897b7cd0ada742ebf74a66,f4cf483deb81aab4882d8e74b5b38b86aeb7e392,6740,measurement harness,0.45372109925625,0.0010374136487243395,0.452648842828125,0.455037492421875,0.0422411261734375,0.0001959693018950108,0.04198531498828125,0.042470411234375,0.08839966303671876,0.0002925720973726929,0.088013419375,0.08878698190234376,0.051046286540625,0.0007244553178334176,0.05007716208984375,0.0519704526640625,0.0246581250453125,0.00011314584016915631,0.02450964258203125,0.02475554176953125,0.24737589846875,0.0009184504628868713,0.24665745514453125,0.24888797909375,0.01549430144453125,8.01523325857636e-05,0.46921540070078127,0.0010740632480697617,0.4558571596653646,0.47078710084589304,0.0433824631484375,0.08881962397786458,0.05084685775390625,0.025091891986979167,0.24771632283854167,completed compute; upload/init excluded; native host intervals,False
halo,dense,MEASURED,1200000,stationary snapshot replay,FP32,8,False,5,32,20,dense,5,not applicable,,0,1,d684812c7dcc8d7dc2d10ff683b48f43681255b0048a4da7e6d06482e593ab88,986f0687852b80bf5a4a14b30e4f655c0a300a7a8b737ede2d45bf0bf9a4e005,confirm_b0_halo_dense_n1200000_heap128m;confirm_b1_halo_dense_n1200000_heap128m;confirm_b2_halo_dense_n1200000_heap128m;confirm_b3_halo_dense_n1200000_heap128m;confirm_b4_halo_dense_n1200000_heap128m,raw/confirm_b0_halo_dense_n1200000_heap128m/launch.json,True,1,2.4862917546460106e-07,2.396602835004738e-08,same-geometry implementation comparisons; not absolute accuracy or equal-error qualification,"{""ADAPTIVE_MULTIPOLES"":""0"",""CUDA_MODULE_LOADING"":""EAGER"",""CUDA_VISIBLE_DEVICES"":""GPU-afe64fb5-5dcf-fcec-1dfe-1966ca6419f1"",""FMM_CUDA_GRAPH"":""1"",""FMM_CUDA_GRAPH_WARMUP"":""4"",""FMM_PHASE_SYNC"":""0"",""FMM_TIME_PREPROCESS_ONLY"":""0"",""FMM_TREE_PRECISION"":""0"",""FMSOLVR_ADAPTIVE_ASYNC"":""0"",""FMSOLVR_ADAPTIVE_BUCKET"":""64"",""FMSOLVR_ADAPTIVE_CACHE_LISTS"":""1"",""FMSOLVR_ADAPTIVE_CRITERION"":""0"",""FMSOLVR_ADAPTIVE_E2E_BLOCK_CAP"":""128"",""FMSOLVR_ADAPTIVE_TREE"":""0"",""FMSOLVR_ADAPTIVE_UPDATE"":""1"",""FMSOLVR_COMPUTE_POTENTIAL"":""1"",""FMSOLVR_L2L_PRECISION"":""0"",""FMSOLVR_M2L_FP16_PMAX"":""-1"",""FMSOLVR_M2L_REGRESIDENT"":""1"",""FMSOLVR_M2M_PRECISION"":""0"",""FMSOLVR_NF_AGGREGATE"":""0"",""FMSOLVR_P2P_TILE2D"":""1"",""FMSOLVR_P2P_TILE2D_GRID"":""64"",""NUMBER_OF_PRINTED_PARTICLES"":""0"",""NVSHMEM_REMOTE_TRANSPORT"":""none"",""NVSHMEM_SYMMETRIC_SIZE"":""128M"",""OMPI_MCA_accelerator"":""null"",""OMPI_MCA_btl"":""self,tcp"",""OMPI_MCA_pml"":""ob1"",""OMP_NUM_THREADS"":""1"",""OPENBLAS_NUM_THREADS"":""1"",""P_SEARCH"":""0"",""P_SEARCH_POTENTIAL"":""0"",""RUN_DIPOLE_RT"":""0""}",NVIDIA RTX 5060 Ti 16GB,GPU-afe64fb5-5dcf-fcec-1dfe-1966ca6419f1,"6,8",1,ade53cbf2b505f3d60897b7cd0ada742ebf74a66,not applicable,1200000,measurement harness,10.5287399724875,0.033437420552746955,10.484506114125,10.574616942875,0.92345648445,0.0036193877401568676,0.917596677,0.926009321125,0.0,0.0,0.0,0.0,0.0,0.0,0.0,0.0,1.79642125e-05,3.572535684358608e-06,1.597784375e-05,2.432340625e-05,9.6052655237125,0.033893008550156915,9.559059049875,9.65231649746875,1.18658459830625,0.004446446142886422,11.71532457079375,0.034855038858795304,10.158594084145832,-3.515576311209989,1.1027790994375,0.0,0.0,0.00038355204166666665,9.055431432625,completed compute; upload/init excluded; native host intervals,False
halo,first_complete,MEASURED,1200000,stationary snapshot replay,FP32,8,False,5,32,20,old,4,LeafCount,512,0,0,239517b1b541b05608bc7d192aea41f6c6cd4bddda5a30fcdbccd206301e398b,986f0687852b80bf5a4a14b30e4f655c0a300a7a8b737ede2d45bf0bf9a4e005,confirm_b0_halo_first_complete_n1200000_heap128m;confirm_b1_halo_first_complete_n1200000_heap128m;confirm_b2_halo_first_complete_n1200000_heap128m;confirm_b3_halo_first_complete_n1200000_heap128m;confirm_b4_halo_first_complete_n1200000_heap128m,raw/confirm_b0_halo_first_complete_n1200000_heap128m/launch.json,True,1,6.678245175327709e-07,1.178714494482748e-07,same-geometry implementation comparisons; not absolute accuracy or equal-error qualification,"{""ADAPTIVE_MULTIPOLES"":""0"",""CUDA_MODULE_LOADING"":""EAGER"",""CUDA_VISIBLE_DEVICES"":""GPU-afe64fb5-5dcf-fcec-1dfe-1966ca6419f1"",""FMM_CUDA_GRAPH"":""0"",""FMM_CUDA_GRAPH_WARMUP"":""4"",""FMM_PHASE_SYNC"":""0"",""FMM_TIME_PREPROCESS_ONLY"":""0"",""FMM_TREE_PRECISION"":""0"",""FMSOLVR_ADAPTIVE_ASYNC"":""0"",""FMSOLVR_ADAPTIVE_BUCKET"":""512"",""FMSOLVR_ADAPTIVE_CACHE_LISTS"":""1"",""FMSOLVR_ADAPTIVE_CRITERION"":""0"",""FMSOLVR_ADAPTIVE_E2E_BLOCK_CAP"":""128"",""FMSOLVR_ADAPTIVE_TREE"":""1"",""FMSOLVR_ADAPTIVE_UPDATE"":""1"",""FMSOLVR_COMPUTE_POTENTIAL"":""1"",""FMSOLVR_L2L_PRECISION"":""0"",""FMSOLVR_M2L_FP16_PMAX"":""-1"",""FMSOLVR_M2L_REGRESIDENT"":""0"",""FMSOLVR_M2L_SRC_CACHE"":""0"",""FMSOLVR_M2L_SRC_REGRES"":""0"",""FMSOLVR_M2M_PRECISION"":""0"",""NUMBER_OF_PRINTED_PARTICLES"":""0"",""NVSHMEM_REMOTE_TRANSPORT"":""none"",""NVSHMEM_SYMMETRIC_SIZE"":""128M"",""OMPI_MCA_accelerator"":""null"",""OMPI_MCA_btl"":""self,tcp"",""OMPI_MCA_pml"":""ob1"",""OMP_NUM_THREADS"":""1"",""OPENBLAS_NUM_THREADS"":""1"",""P_SEARCH"":""0"",""P_SEARCH_POTENTIAL"":""0"",""RUN_DIPOLE_RT"":""0"",""SOURCE_CENTRIC_M2L"":""0""}",NVIDIA RTX 5060 Ti 16GB,GPU-afe64fb5-5dcf-fcec-1dfe-1966ca6419f1,"6,8",1,defbd693a041874250d549c5c0944c21f32e01ed,81951d0a70b2c37a1bde76bfa1a338a18d89a8a1,1200000,measurement harness; open-boundary compatibility,54.700847555075,0.183561425050256,54.45810452515625,54.902564406875,1.0405731329125,0.0066210342323460925,1.0355151825,1.05162383990625,1.081902797175,0.004771648624675455,1.07528420625,1.086932090375,4.31953024235625,0.0893680481954022,4.1919988943125,4.4417669269375,0.4764625977125,0.0016387888480614327,0.474437802,0.47819911565625,47.78237878491875,0.1561291933941393,47.56551708134375,47.98407779890625,1.2930354845375,0.018209801974809495,55.9938830396125,0.1816941499032075,54.425544951906254,-0.5032876371642292,1.0386774666041667,1.1067631155104167,4.272384525395833,0.4773901818958333,47.53032966251042,completed compute; upload/init excluded; native host intervals,True
halo,first_update_rebuild,MEASURED,1200000,stationary snapshot replay,FP32,8,False,5,32,20,update,3,LeafCount,256,0,0,1838466d6d262419e722b81506c0f09c636671093ddfa70cbc2d9a11c831d6f6,986f0687852b80bf5a4a14b30e4f655c0a300a7a8b737ede2d45bf0bf9a4e005,confirm_b0_halo_first_update_rebuild_n1200000_heap128m;confirm_b1_halo_first_update_rebuild_n1200000_heap128m;confirm_b2_halo_first_update_rebuild_n1200000_heap128m;confirm_b3_halo_first_update_rebuild_n1200000_heap128m;confirm_b4_halo_first_update_rebuild_n1200000_heap128m,raw/confirm_b0_halo_first_update_rebuild_n1200000_heap128m/launch.json,True,1,6.909233994226166e-07,1.1267783719651106e-07,same-geometry implementation comparisons; not absolute accuracy or equal-error qualification,"{""ADAPTIVE_MULTIPOLES"":""0"",""CUDA_MODULE_LOADING"":""EAGER"",""CUDA_VISIBLE_DEVICES"":""GPU-afe64fb5-5dcf-fcec-1dfe-1966ca6419f1"",""FMM_CUDA_GRAPH"":""0"",""FMM_CUDA_GRAPH_WARMUP"":""4"",""FMM_PHASE_SYNC"":""0"",""FMM_TIME_PREPROCESS_ONLY"":""0"",""FMM_TREE_PRECISION"":""0"",""FMSOLVR_ADAPTIVE_ASYNC"":""0"",""FMSOLVR_ADAPTIVE_BUCKET"":""256"",""FMSOLVR_ADAPTIVE_CACHE_LISTS"":""1"",""FMSOLVR_ADAPTIVE_CRITERION"":""0"",""FMSOLVR_ADAPTIVE_E2E_BLOCK_CAP"":""128"",""FMSOLVR_ADAPTIVE_TREE"":""1"",""FMSOLVR_ADAPTIVE_UPDATE"":""0"",""FMSOLVR_COMPUTE_POTENTIAL"":""1"",""FMSOLVR_L2L_PRECISION"":""0"",""FMSOLVR_M2L_FP16_PMAX"":""-1"",""FMSOLVR_M2L_REGRESIDENT"":""0"",""FMSOLVR_M2L_SRC_CACHE"":""0"",""FMSOLVR_M2L_SRC_REGRES"":""0"",""FMSOLVR_M2M_PRECISION"":""0"",""NUMBER_OF_PRINTED_PARTICLES"":""0"",""NVSHMEM_REMOTE_TRANSPORT"":""none"",""NVSHMEM_SYMMETRIC_SIZE"":""128M"",""OMPI_MCA_accelerator"":""null"",""OMPI_MCA_btl"":""self,tcp"",""OMPI_MCA_pml"":""ob1"",""OMP_NUM_THREADS"":""1"",""OPENBLAS_NUM_THREADS"":""1"",""P_SEARCH"":""0"",""P_SEARCH_POTENTIAL"":""0"",""RUN_DIPOLE_RT"":""0"",""SOURCE_CENTRIC_M2L"":""0""}",NVIDIA RTX 5060 Ti 16GB,GPU-afe64fb5-5dcf-fcec-1dfe-1966ca6419f1,"6,8",1,cf66ecfa353d34d46c601a1a99204e6f31b2d750,ba5b2ab692321b48c9c7940ee44d7ecfaee3c77a,1200000,measurement harness; open-boundary compatibility,38.892020714425,0.05012582433594354,38.8343414015625,38.9506424616875,0.70490318321875,0.0071657807709265935,0.6942624314375,0.71251520415625,0.85330779400625,0.006315137654632042,0.846497903625,0.86128219840625,0.59257140815625,0.003500741785733491,0.58899899884375,0.5983309746875,0.911981627025,0.003346505356523264,0.9066914571875,0.9145215081875,35.829256701968745,0.04559172474715157,35.7636710615,35.8772645921875,1.24105966095625,0.032436441103922645,40.13308037538125,0.060916967360527534,38.91822854834375,0.06738614614854033,0.7080104793229166,0.8712196261770834,0.5881391698333334,0.9101470059270833,35.84071226697917,completed compute; upload/init excluded; native host intervals,True
halo,first_update,MEASURED,1200000,stationary snapshot replay,FP32,8,False,5,32,20,update,3,LeafCount,256,1,0,1838466d6d262419e722b81506c0f09c636671093ddfa70cbc2d9a11c831d6f6,986f0687852b80bf5a4a14b30e4f655c0a300a7a8b737ede2d45bf0bf9a4e005,confirm_b0_halo_first_update_n1200000_heap128m;confirm_b1_halo_first_update_n1200000_heap128m;confirm_b2_halo_first_update_n1200000_heap128m;confirm_b3_halo_first_update_n1200000_heap128m;confirm_b4_halo_first_update_n1200000_heap128m,raw/confirm_b0_halo_first_update_n1200000_heap128m/launch.json,True,1,5.326465664280725e-07,1.1228557543775437e-07,same-geometry implementation comparisons; not absolute accuracy or equal-error qualification,"{""ADAPTIVE_MULTIPOLES"":""0"",""CUDA_MODULE_LOADING"":""EAGER"",""CUDA_VISIBLE_DEVICES"":""GPU-afe64fb5-5dcf-fcec-1dfe-1966ca6419f1"",""FMM_CUDA_GRAPH"":""0"",""FMM_CUDA_GRAPH_WARMUP"":""4"",""FMM_PHASE_SYNC"":""0"",""FMM_TIME_PREPROCESS_ONLY"":""0"",""FMM_TREE_PRECISION"":""0"",""FMSOLVR_ADAPTIVE_ASYNC"":""0"",""FMSOLVR_ADAPTIVE_BUCKET"":""256"",""FMSOLVR_ADAPTIVE_CACHE_LISTS"":""1"",""FMSOLVR_ADAPTIVE_CRITERION"":""0"",""FMSOLVR_ADAPTIVE_E2E_BLOCK_CAP"":""128"",""FMSOLVR_ADAPTIVE_TREE"":""1"",""FMSOLVR_ADAPTIVE_UPDATE"":""1"",""FMSOLVR_COMPUTE_POTENTIAL"":""1"",""FMSOLVR_L2L_PRECISION"":""0"",""FMSOLVR_M2L_FP16_PMAX"":""-1"",""FMSOLVR_M2L_REGRESIDENT"":""0"",""FMSOLVR_M2L_SRC_CACHE"":""0"",""FMSOLVR_M2L_SRC_REGRES"":""0"",""FMSOLVR_M2M_PRECISION"":""0"",""NUMBER_OF_PRINTED_PARTICLES"":""0"",""NVSHMEM_REMOTE_TRANSPORT"":""none"",""NVSHMEM_SYMMETRIC_SIZE"":""128M"",""OMPI_MCA_accelerator"":""null"",""OMPI_MCA_btl"":""self,tcp"",""OMPI_MCA_pml"":""ob1"",""OMP_NUM_THREADS"":""1"",""OPENBLAS_NUM_THREADS"":""1"",""P_SEARCH"":""0"",""P_SEARCH_POTENTIAL"":""0"",""RUN_DIPOLE_RT"":""0"",""SOURCE_CENTRIC_M2L"":""0""}",NVIDIA RTX 5060 Ti 16GB,GPU-afe64fb5-5dcf-fcec-1dfe-1966ca6419f1,"6,8",1,cf66ecfa353d34d46c601a1a99204e6f31b2d750,ba5b2ab692321b48c9c7940ee44d7ecfaee3c77a,1200000,measurement harness; open-boundary compatibility,38.5011785052625,0.045612390154788775,38.45412513334375,38.56366704709375,0.6945515895750001,0.005985899249102334,0.6893055325625,0.7042042053125,0.4434273622,0.002446979657289231,0.44059759975,0.447313475875,0.58989757668125,0.0037134970392073896,0.586339105125,0.5947256795625,0.91141802988125,0.004696172054556597,0.90353339328125,0.91551501103125,35.86188394691875,0.05020784884246735,35.82028343221875,35.9419280648125,1.2038092012375,0.016608739885758995,39.7049877065,0.04659752901858788,38.52902106160417,0.07231611452584996,0.6925172032083333,0.45582837623958333,0.5849645385729166,0.9097702859270833,35.885940657552084,completed compute; upload/init excluded; native host intervals,True
halo,newest,MEASURED,1200000,stationary snapshot replay,FP32,8,False,5,32,20,current,4,NFCount,221184,1,1,d684812c7dcc8d7dc2d10ff683b48f43681255b0048a4da7e6d06482e593ab88,986f0687852b80bf5a4a14b30e4f655c0a300a7a8b737ede2d45bf0bf9a4e005,confirm_b0_halo_newest_n1200000_heap128m;confirm_b1_halo_newest_n1200000_heap128m;confirm_b2_halo_newest_n1200000_heap128m;confirm_b3_halo_newest_n1200000_heap128m;confirm_b4_halo_newest_n1200000_heap128m,raw/confirm_b0_halo_newest_n1200000_heap128m/launch.json,True,1,1.300719365287629e-07,3.166650799699588e-08,same-geometry implementation comparisons; not absolute accuracy or equal-error qualification,"{""ADAPTIVE_MULTIPOLES"":""0"",""CUDA_MODULE_LOADING"":""EAGER"",""CUDA_VISIBLE_DEVICES"":""GPU-afe64fb5-5dcf-fcec-1dfe-1966ca6419f1"",""FMM_CUDA_GRAPH"":""1"",""FMM_CUDA_GRAPH_WARMUP"":""4"",""FMM_PHASE_SYNC"":""0"",""FMM_TIME_PREPROCESS_ONLY"":""0"",""FMM_TREE_PRECISION"":""0"",""FMSOLVR_ADAPTIVE_ASYNC"":""1"",""FMSOLVR_ADAPTIVE_BUCKET"":""221184"",""FMSOLVR_ADAPTIVE_CACHE_LISTS"":""1"",""FMSOLVR_ADAPTIVE_CRITERION"":""1"",""FMSOLVR_ADAPTIVE_E2E_BLOCK_CAP"":""128"",""FMSOLVR_ADAPTIVE_PACK_METADATA"":""1"",""FMSOLVR_ADAPTIVE_REUSE_INGEST"":""2"",""FMSOLVR_ADAPTIVE_SKIP_DENSE_NF"":""1"",""FMSOLVR_ADAPTIVE_TREE"":""1"",""FMSOLVR_ADAPTIVE_UPDATE"":""1"",""FMSOLVR_COMPUTE_POTENTIAL"":""1"",""FMSOLVR_L2L_PRECISION"":""0"",""FMSOLVR_M2L_FP16_PMAX"":""-1"",""FMSOLVR_M2L_REGRESIDENT"":""1"",""FMSOLVR_M2M_PRECISION"":""0"",""NUMBER_OF_PRINTED_PARTICLES"":""0"",""NVSHMEM_REMOTE_TRANSPORT"":""none"",""NVSHMEM_SYMMETRIC_SIZE"":""128M"",""OMPI_MCA_accelerator"":""null"",""OMPI_MCA_btl"":""self,tcp"",""OMPI_MCA_pml"":""ob1"",""OMP_NUM_THREADS"":""1"",""OPENBLAS_NUM_THREADS"":""1"",""P_SEARCH"":""0"",""P_SEARCH_POTENTIAL"":""0"",""RUN_DIPOLE_RT"":""0""}",NVIDIA RTX 5060 Ti 16GB,GPU-afe64fb5-5dcf-fcec-1dfe-1966ca6419f1,"6,8",1,ade53cbf2b505f3d60897b7cd0ada742ebf74a66,f4cf483deb81aab4882d8e74b5b38b86aeb7e392,1200000,measurement harness,13.6002240644375,0.021834078109738607,13.58133973546875,13.6349595995625,0.7248835594499999,0.0027980460300776866,0.72009934953125,0.7270866263125,0.60335894815,0.0024882677021108883,0.59959306965625,0.60580246646875,0.1460337284125,0.0014658357897849392,0.14401997040625,0.147643892,0.37523028300625,0.001986546856940941,0.373411087,0.37851065284375,11.75071754551875,0.021240651553686287,11.72676846909375,11.78309689571875,1.178364647775,0.015399115459468862,14.7785887122125,0.020350450478029247,13.60800932646875,0.057243630651693245,0.72469466971875,0.6033550379791667,0.14666128844791668,0.37591197423958334,11.757386356020833,completed compute; upload/init excluded; native host intervals,False
flyby,dense,MEASURED,512002,stationary snapshot replay,FP32,8,False,5,256,20,dense,5,not applicable,,0,1,d684812c7dcc8d7dc2d10ff683b48f43681255b0048a4da7e6d06482e593ab88,a25512ad86dcc6d130fd52e1a7262db38a9b42f24703d21b6216a495e3071d4c,confirm_b0_flyby_dense;confirm_b1_flyby_dense;confirm_b2_flyby_dense;confirm_b3_flyby_dense;confirm_b4_flyby_dense,raw/confirm_b0_flyby_dense/launch.json,True,9,0.0,0.0,same-geometry implementation comparisons; not absolute accuracy or equal-error qualification,"{""ADAPTIVE_MULTIPOLES"":""0"",""CUDA_MODULE_LOADING"":""EAGER"",""CUDA_VISIBLE_DEVICES"":""GPU-afe64fb5-5dcf-fcec-1dfe-1966ca6419f1"",""FMM_CUDA_GRAPH"":""1"",""FMM_CUDA_GRAPH_WARMUP"":""4"",""FMM_PHASE_SYNC"":""0"",""FMM_TIME_PREPROCESS_ONLY"":""0"",""FMM_TREE_PRECISION"":""0"",""FMSOLVR_ADAPTIVE_ASYNC"":""0"",""FMSOLVR_ADAPTIVE_BUCKET"":""64"",""FMSOLVR_ADAPTIVE_CACHE_LISTS"":""1"",""FMSOLVR_ADAPTIVE_CRITERION"":""0"",""FMSOLVR_ADAPTIVE_E2E_BLOCK_CAP"":""128"",""FMSOLVR_ADAPTIVE_TREE"":""0"",""FMSOLVR_ADAPTIVE_UPDATE"":""1"",""FMSOLVR_COMPUTE_POTENTIAL"":""1"",""FMSOLVR_L2L_PRECISION"":""0"",""FMSOLVR_M2L_FP16_PMAX"":""-1"",""FMSOLVR_M2L_REGRESIDENT"":""1"",""FMSOLVR_M2M_PRECISION"":""0"",""FMSOLVR_NF_AGGREGATE"":""0"",""FMSOLVR_P2P_TILE2D"":""1"",""FMSOLVR_P2P_TILE2D_GRID"":""64"",""NUMBER_OF_PRINTED_PARTICLES"":""0"",""NVSHMEM_REMOTE_TRANSPORT"":""none"",""NVSHMEM_SYMMETRIC_SIZE"":""2G"",""OMPI_MCA_accelerator"":""null"",""OMPI_MCA_btl"":""self,tcp"",""OMPI_MCA_pml"":""ob1"",""OMP_NUM_THREADS"":""1"",""OPENBLAS_NUM_THREADS"":""1"",""P_SEARCH"":""0"",""P_SEARCH_POTENTIAL"":""0"",""RUN_DIPOLE_RT"":""0""}",NVIDIA RTX 5060 Ti 16GB,GPU-afe64fb5-5dcf-fcec-1dfe-1966ca6419f1,"6,8",1,ade53cbf2b505f3d60897b7cd0ada742ebf74a66,not applicable,2,measurement harness,20.102076944378126,0.019945286488882347,20.072894938488282,20.125283935164063,0.34373408016875,0.004029620127407319,0.3389851463203125,0.34929398498046876,0.0,0.0,0.0,0.0,0.0,0.0,0.0,0.0,2.009371015625e-05,1.5230815524257595e-06,1.831162890625e-05,2.175409375e-05,19.758322770376562,0.01612243838708197,19.733889294859374,19.77596874348828,0.5704856475890625,0.003725946654135143,20.67256259196719,0.021661448602659093,20.09586094998047,-0.030922150058698694,0.5838259497460937,0.0,0.0,0.00040999291276041665,19.511625007289062,completed compute; upload/init excluded; native host intervals,False
flyby,first_complete,MEASURED,512002,stationary snapshot replay,FP32,8,False,5,256,20,old,4,LeafCount,128,0,0,239517b1b541b05608bc7d192aea41f6c6cd4bddda5a30fcdbccd206301e398b,a25512ad86dcc6d130fd52e1a7262db38a9b42f24703d21b6216a495e3071d4c,confirm_b0_flyby_first_complete;confirm_b1_flyby_first_complete;confirm_b2_flyby_first_complete;confirm_b3_flyby_first_complete;confirm_b4_flyby_first_complete,raw/confirm_b0_flyby_first_complete/launch.json,True,9,6.745367568920725e-08,2.52687394871474e-08,same-geometry implementation comparisons; not absolute accuracy or equal-error qualification,"{""ADAPTIVE_MULTIPOLES"":""0"",""CUDA_MODULE_LOADING"":""EAGER"",""CUDA_VISIBLE_DEVICES"":""GPU-afe64fb5-5dcf-fcec-1dfe-1966ca6419f1"",""FMM_CUDA_GRAPH"":""0"",""FMM_CUDA_GRAPH_WARMUP"":""4"",""FMM_PHASE_SYNC"":""0"",""FMM_TIME_PREPROCESS_ONLY"":""0"",""FMM_TREE_PRECISION"":""0"",""FMSOLVR_ADAPTIVE_ASYNC"":""0"",""FMSOLVR_ADAPTIVE_BUCKET"":""128"",""FMSOLVR_ADAPTIVE_CACHE_LISTS"":""1"",""FMSOLVR_ADAPTIVE_CRITERION"":""0"",""FMSOLVR_ADAPTIVE_E2E_BLOCK_CAP"":""128"",""FMSOLVR_ADAPTIVE_TREE"":""1"",""FMSOLVR_ADAPTIVE_UPDATE"":""1"",""FMSOLVR_COMPUTE_POTENTIAL"":""1"",""FMSOLVR_L2L_PRECISION"":""0"",""FMSOLVR_M2L_FP16_PMAX"":""-1"",""FMSOLVR_M2L_REGRESIDENT"":""0"",""FMSOLVR_M2L_SRC_CACHE"":""0"",""FMSOLVR_M2L_SRC_REGRES"":""0"",""FMSOLVR_M2M_PRECISION"":""0"",""NUMBER_OF_PRINTED_PARTICLES"":""0"",""NVSHMEM_REMOTE_TRANSPORT"":""none"",""NVSHMEM_SYMMETRIC_SIZE"":""2G"",""OMPI_MCA_accelerator"":""null"",""OMPI_MCA_btl"":""self,tcp"",""OMPI_MCA_pml"":""ob1"",""OMP_NUM_THREADS"":""1"",""OPENBLAS_NUM_THREADS"":""1"",""P_SEARCH"":""0"",""P_SEARCH_POTENTIAL"":""0"",""RUN_DIPOLE_RT"":""0"",""SOURCE_CENTRIC_M2L"":""0""}",NVIDIA RTX 5060 Ti 16GB,GPU-afe64fb5-5dcf-fcec-1dfe-1966ca6419f1,"6,8",1,defbd693a041874250d549c5c0944c21f32e01ed,81951d0a70b2c37a1bde76bfa1a338a18d89a8a1,2,measurement harness; open-boundary compatibility,19.287225044351562,0.10954385166905166,19.158382519875,19.403749440257812,0.6839237394203125,0.006524608197870551,0.6773273371601563,0.6940719504101562,2.305872942086719,0.006466859971043277,2.2981998045195313,2.3145899567460937,5.287827197204687,0.08882143198986708,5.200154709183594,5.414955663566406,1.1386531117820313,0.004552458373641049,1.134324365046875,1.1448722871054688,9.870948053885156,0.048731443429688936,9.833437159632812,9.940071339796875,0.5777641108742188,0.005303662099574581,19.864989155225782,0.11304387642867288,19.444884409190102,0.8174289690507486,1.6453851828046875,1.4786061941054687,5.2735301463411455,1.1357081657513022,9.911654720188801,completed compute; upload/init excluded; native host intervals,True
flyby,first_update_rebuild,MEASURED,512002,stationary snapshot replay,FP32,8,False,5,256,20,update,3,LeafCount,256,0,0,1838466d6d262419e722b81506c0f09c636671093ddfa70cbc2d9a11c831d6f6,a25512ad86dcc6d130fd52e1a7262db38a9b42f24703d21b6216a495e3071d4c,confirm_b0_flyby_first_update_rebuild;confirm_b1_flyby_first_update_rebuild;confirm_b2_flyby_first_update_rebuild;confirm_b3_flyby_first_update_rebuild;confirm_b4_flyby_first_update_rebuild,raw/confirm_b0_flyby_first_update_rebuild/launch.json,True,9,5.293860354704194e-08,2.5195064807629744e-08,same-geometry implementation comparisons; not absolute accuracy or equal-error qualification,"{""ADAPTIVE_MULTIPOLES"":""0"",""CUDA_MODULE_LOADING"":""EAGER"",""CUDA_VISIBLE_DEVICES"":""GPU-afe64fb5-5dcf-fcec-1dfe-1966ca6419f1"",""FMM_CUDA_GRAPH"":""0"",""FMM_CUDA_GRAPH_WARMUP"":""4"",""FMM_PHASE_SYNC"":""0"",""FMM_TIME_PREPROCESS_ONLY"":""0"",""FMM_TREE_PRECISION"":""0"",""FMSOLVR_ADAPTIVE_ASYNC"":""0"",""FMSOLVR_ADAPTIVE_BUCKET"":""256"",""FMSOLVR_ADAPTIVE_CACHE_LISTS"":""1"",""FMSOLVR_ADAPTIVE_CRITERION"":""0"",""FMSOLVR_ADAPTIVE_E2E_BLOCK_CAP"":""128"",""FMSOLVR_ADAPTIVE_P2M_BLOCK"":""128"",""FMSOLVR_ADAPTIVE_TREE"":""1"",""FMSOLVR_ADAPTIVE_UPDATE"":""0"",""FMSOLVR_COMPUTE_POTENTIAL"":""1"",""FMSOLVR_L2L_PRECISION"":""0"",""FMSOLVR_M2L_FP16_PMAX"":""-1"",""FMSOLVR_M2L_REGRESIDENT"":""0"",""FMSOLVR_M2L_SRC_CACHE"":""0"",""FMSOLVR_M2L_SRC_REGRES"":""0"",""FMSOLVR_M2M_PRECISION"":""0"",""NUMBER_OF_PRINTED_PARTICLES"":""0"",""NVSHMEM_REMOTE_TRANSPORT"":""none"",""NVSHMEM_SYMMETRIC_SIZE"":""2G"",""OMPI_MCA_accelerator"":""null"",""OMPI_MCA_btl"":""self,tcp"",""OMPI_MCA_pml"":""ob1"",""OMP_NUM_THREADS"":""1"",""OPENBLAS_NUM_THREADS"":""1"",""P_SEARCH"":""0"",""P_SEARCH_POTENTIAL"":""0"",""RUN_DIPOLE_RT"":""0"",""SOURCE_CENTRIC_M2L"":""0""}",NVIDIA RTX 5060 Ti 16GB,GPU-afe64fb5-5dcf-fcec-1dfe-1966ca6419f1,"6,8",1,cf66ecfa353d34d46c601a1a99204e6f31b2d750,ba5b2ab692321b48c9c7940ee44d7ecfaee3c77a,2,measurement harness; open-boundary compatibility,8.219461694525782,0.01965655460251472,8.203191749101563,8.249322358089843,0.2648818463,0.0028891015668165505,0.26139659348046873,0.26768244695703125,0.5879293534320312,0.002336399071975639,0.5846646727421875,0.5912703482109375,0.55084940559375,0.0028735831306642996,0.5469056286835937,0.5542341313789062,0.44554068208046876,0.0016988004729565369,0.44398507453515623,0.44749621245703125,6.3702604071226565,0.021000838165960795,6.350383368042968,6.396320731246094,0.56938206399375,0.006417766820855045,8.788843758519532,0.021935558482918678,8.226748785091146,0.08865654268110923,0.26586874539192706,0.5979754905611979,0.5527902024661459,0.4472410337135417,6.3628733129778645,completed compute; upload/init excluded; native host intervals,True
flyby,first_update,MEASURED,512002,stationary snapshot replay,FP32,8,False,5,256,20,update,3,LeafCount,256,1,0,1838466d6d262419e722b81506c0f09c636671093ddfa70cbc2d9a11c831d6f6,a25512ad86dcc6d130fd52e1a7262db38a9b42f24703d21b6216a495e3071d4c,confirm_b0_flyby_first_update;confirm_b1_flyby_first_update;confirm_b2_flyby_first_update;confirm_b3_flyby_first_update;confirm_b4_flyby_first_update,raw/confirm_b0_flyby_first_update/launch.json,True,9,5.293860354704194e-08,2.5195064807629744e-08,same-geometry implementation comparisons; not absolute accuracy or equal-error qualification,"{""ADAPTIVE_MULTIPOLES"":""0"",""CUDA_MODULE_LOADING"":""EAGER"",""CUDA_VISIBLE_DEVICES"":""GPU-afe64fb5-5dcf-fcec-1dfe-1966ca6419f1"",""FMM_CUDA_GRAPH"":""0"",""FMM_CUDA_GRAPH_WARMUP"":""4"",""FMM_PHASE_SYNC"":""0"",""FMM_TIME_PREPROCESS_ONLY"":""0"",""FMM_TREE_PRECISION"":""0"",""FMSOLVR_ADAPTIVE_ASYNC"":""0"",""FMSOLVR_ADAPTIVE_BUCKET"":""256"",""FMSOLVR_ADAPTIVE_CACHE_LISTS"":""1"",""FMSOLVR_ADAPTIVE_CRITERION"":""0"",""FMSOLVR_ADAPTIVE_E2E_BLOCK_CAP"":""128"",""FMSOLVR_ADAPTIVE_P2M_BLOCK"":""128"",""FMSOLVR_ADAPTIVE_TREE"":""1"",""FMSOLVR_ADAPTIVE_UPDATE"":""1"",""FMSOLVR_COMPUTE_POTENTIAL"":""1"",""FMSOLVR_L2L_PRECISION"":""0"",""FMSOLVR_M2L_FP16_PMAX"":""-1"",""FMSOLVR_M2L_REGRESIDENT"":""0"",""FMSOLVR_M2L_SRC_CACHE"":""0"",""FMSOLVR_M2L_SRC_REGRES"":""0"",""FMSOLVR_M2M_PRECISION"":""0"",""NUMBER_OF_PRINTED_PARTICLES"":""0"",""NVSHMEM_REMOTE_TRANSPORT"":""none"",""NVSHMEM_SYMMETRIC_SIZE"":""2G"",""OMPI_MCA_accelerator"":""null"",""OMPI_MCA_btl"":""self,tcp"",""OMPI_MCA_pml"":""ob1"",""OMP_NUM_THREADS"":""1"",""OPENBLAS_NUM_THREADS"":""1"",""P_SEARCH"":""0"",""P_SEARCH_POTENTIAL"":""0"",""RUN_DIPOLE_RT"":""0"",""SOURCE_CENTRIC_M2L"":""0""}",NVIDIA RTX 5060 Ti 16GB,GPU-afe64fb5-5dcf-fcec-1dfe-1966ca6419f1,"6,8",1,cf66ecfa353d34d46c601a1a99204e6f31b2d750,ba5b2ab692321b48c9c7940ee44d7ecfaee3c77a,2,measurement harness; open-boundary compatibility,7.909730200841406,0.01795354891358477,7.887576110066406,7.92787897534375,0.264906347746875,0.004099195861168114,0.26057570720703127,0.27009670614453124,0.2702207501007813,0.002088734798355063,0.2674712404765625,0.27239330120703126,0.5590238511976562,0.006533286865513853,0.553729250875,0.5702302523710937,0.44538641177578125,0.0022766025298229906,0.4431048710039063,0.448416473765625,6.370192840035937,0.010676556793156905,6.358669428644531,6.38448145221875,0.57129876805,0.007868418354082456,8.481028968891406,0.023814886611713982,7.940274077869792,0.3861557379686076,0.26524472377864583,0.27818944817447916,0.5639958568919271,0.44517170893619795,6.3876723400625,completed compute; upload/init excluded; native host intervals,True
flyby,newest,MEASURED,512002,stationary snapshot replay,FP32,8,False,5,256,20,current,3,NFCount,221184,1,1,d684812c7dcc8d7dc2d10ff683b48f43681255b0048a4da7e6d06482e593ab88,a25512ad86dcc6d130fd52e1a7262db38a9b42f24703d21b6216a495e3071d4c,confirm_b0_flyby_newest;confirm_b1_flyby_newest;confirm_b2_flyby_newest;confirm_b3_flyby_newest;confirm_b4_flyby_newest,raw/confirm_b0_flyby_newest/launch.json,True,9,0.0,0.0,same-geometry implementation comparisons; not absolute accuracy or equal-error qualification,"{""ADAPTIVE_MULTIPOLES"":""0"",""CUDA_MODULE_LOADING"":""EAGER"",""CUDA_VISIBLE_DEVICES"":""GPU-afe64fb5-5dcf-fcec-1dfe-1966ca6419f1"",""FMM_CUDA_GRAPH"":""1"",""FMM_CUDA_GRAPH_WARMUP"":""4"",""FMM_PHASE_SYNC"":""0"",""FMM_TIME_PREPROCESS_ONLY"":""0"",""FMM_TREE_PRECISION"":""0"",""FMSOLVR_ADAPTIVE_ASYNC"":""1"",""FMSOLVR_ADAPTIVE_BUCKET"":""221184"",""FMSOLVR_ADAPTIVE_CACHE_LISTS"":""1"",""FMSOLVR_ADAPTIVE_CRITERION"":""1"",""FMSOLVR_ADAPTIVE_E2E_BLOCK_CAP"":""128"",""FMSOLVR_ADAPTIVE_PACK_METADATA"":""1"",""FMSOLVR_ADAPTIVE_REUSE_INGEST"":""2"",""FMSOLVR_ADAPTIVE_SKIP_DENSE_NF"":""1"",""FMSOLVR_ADAPTIVE_TREE"":""1"",""FMSOLVR_ADAPTIVE_UPDATE"":""1"",""FMSOLVR_COMPUTE_POTENTIAL"":""1"",""FMSOLVR_L2L_PRECISION"":""0"",""FMSOLVR_M2L_FP16_PMAX"":""-1"",""FMSOLVR_M2L_REGRESIDENT"":""1"",""FMSOLVR_M2M_PRECISION"":""0"",""NUMBER_OF_PRINTED_PARTICLES"":""0"",""NVSHMEM_REMOTE_TRANSPORT"":""none"",""NVSHMEM_SYMMETRIC_SIZE"":""2G"",""OMPI_MCA_accelerator"":""null"",""OMPI_MCA_btl"":""self,tcp"",""OMPI_MCA_pml"":""ob1"",""OMP_NUM_THREADS"":""1"",""OPENBLAS_NUM_THREADS"":""1"",""P_SEARCH"":""0"",""P_SEARCH_POTENTIAL"":""0"",""RUN_DIPOLE_RT"":""0""}",NVIDIA RTX 5060 Ti 16GB,GPU-afe64fb5-5dcf-fcec-1dfe-1966ca6419f1,"6,8",1,ade53cbf2b505f3d60897b7cd0ada742ebf74a66,f4cf483deb81aab4882d8e74b5b38b86aeb7e392,2,measurement harness,4.398179795133594,0.006358842935541773,4.3881398396445315,4.40527793490625,0.2648825750015625,0.0007911248938690372,0.26391181746484377,0.26566659475,0.2761365001789063,0.0004965812014415125,0.275703410828125,0.2768830881757813,0.0732816843078125,7.414617690149568e-05,0.0731494537890625,0.0733233237109375,0.1506758973890625,0.0006013349912178192,0.15008683750390625,0.1516076517890625,3.6332031382609373,0.005072773868402224,3.624890952777344,3.6384749628242186,0.5641589245054688,0.002885203111428463,4.962338719639063,0.006291484864872468,4.40173411908724,0.08081352102926598,0.2670927293880208,0.2768568762786458,0.07360116584765625,0.1514699218528646,3.632713425751302,completed compute; upload/init excluded; native host intervals,False
