version,commit,path,config,dataset,status,R,W,cold_reps,ci,notes
cstone,d7fddfb4f8d8ada0eb1a65d1a450a66c8cbd794c,direct,octree_leafcount,coulomb_explosion,ok,10,3,30,"R=10 median(total_ms)=0.4046 95% CI=[0.4036, 0.4062] (-0.2% / +0.4%) -> converged",""
v1,e7bd16a8ad2be3cb1a245ce7fe4d8ea167164025,direct,octree_leafcount,coulomb_explosion,ok,10,3,30,"R=10 median(total_ms)=0.417 95% CI=[0.4168, 0.4172] (-0.0% / +0.0%) -> converged",""
v1,e7bd16a8ad2be3cb1a245ce7fe4d8ea167164025,direct,octree_nfcount,coulomb_explosion,ok,10,3,30,"R=10 median(total_ms)=0.4057 95% CI=[0.4054, 0.406] (-0.1% / +0.1%) -> converged",""
v2,ea89b79a9dfd35df20fed759e6d15c60fe01e77c,direct,octree_leafcount,coulomb_explosion,ok,10,3,30,"R=10 median(total_ms)=0.1963 95% CI=[0.1963, 0.1964] (-0.0% / +0.0%) -> converged",""
v2,ea89b79a9dfd35df20fed759e6d15c60fe01e77c,direct,octree_nfcount,coulomb_explosion,ok,10,3,30,"R=10 median(total_ms)=0.2395 95% CI=[0.2394, 0.2397] (-0.1% / +0.1%) -> converged",""
v3,d830fc32ff2631e4e1344dc30b3e09c3b9690bed,graph,octree_leafcount,coulomb_explosion,ok,10,3,30,"R=10 median(total_ms)=0.1703 95% CI=[0.1702, 0.1703] (-0.0% / +0.0%) -> converged",""
v3,d830fc32ff2631e4e1344dc30b3e09c3b9690bed,graph,octree_nfcount,coulomb_explosion,ok,10,3,30,"R=10 median(total_ms)=0.2205 95% CI=[0.22, 0.2209] (-0.2% / +0.2%) -> converged",""
v3,d830fc32ff2631e4e1344dc30b3e09c3b9690bed,graph,kdtree3d_leafcount,coulomb_explosion,ok,10,3,30,"R=10 median(total_ms)=0.3282 95% CI=[0.328, 0.3284] (-0.1% / +0.0%) -> converged",""
cstone,d7fddfb4f8d8ada0eb1a65d1a450a66c8cbd794c,direct,octree_leafcount,flyby,ok,10,3,30,"R=10 median(total_ms)=0.9777 95% CI=[0.9763, 0.9795] (-0.1% / +0.2%) -> converged",""
v1,e7bd16a8ad2be3cb1a245ce7fe4d8ea167164025,direct,octree_leafcount,flyby,ok,10,3,30,"R=10 median(total_ms)=1.039 95% CI=[1.038, 1.04] (-0.1% / +0.1%) -> converged",""
v1,e7bd16a8ad2be3cb1a245ce7fe4d8ea167164025,direct,octree_nfcount,flyby,ok,10,3,30,"R=10 median(total_ms)=1.934 95% CI=[1.93, 1.936] (-0.2% / +0.1%) -> converged",""
v2,ea89b79a9dfd35df20fed759e6d15c60fe01e77c,direct,octree_leafcount,flyby,ok,10,3,30,"R=10 median(total_ms)=0.6018 95% CI=[0.6012, 0.6024] (-0.1% / +0.1%) -> converged",""
v2,ea89b79a9dfd35df20fed759e6d15c60fe01e77c,direct,octree_nfcount,flyby,ok,10,3,30,"R=10 median(total_ms)=1.138 95% CI=[1.138, 1.139] (-0.0% / +0.1%) -> converged",""
v3,d830fc32ff2631e4e1344dc30b3e09c3b9690bed,graph,octree_leafcount,flyby,ok,10,3,30,"R=10 median(total_ms)=0.4663 95% CI=[0.466, 0.4665] (-0.0% / +0.1%) -> converged",""
v3,d830fc32ff2631e4e1344dc30b3e09c3b9690bed,graph,octree_nfcount,flyby,ok,10,3,30,"R=10 median(total_ms)=0.7246 95% CI=[0.7243, 0.7248] (-0.0% / +0.0%) -> converged",""
v3,d830fc32ff2631e4e1344dc30b3e09c3b9690bed,graph,kdtree3d_leafcount,flyby,ok,10,3,30,"R=10 median(total_ms)=0.7858 95% CI=[0.7855, 0.7861] (-0.0% / +0.0%) -> converged",""
cstone,d7fddfb4f8d8ada0eb1a65d1a450a66c8cbd794c,direct,octree_leafcount,dense_halo,ok,10,3,30,"R=10 median(total_ms)=27.87 95% CI=[27.85, 27.89] (-0.1% / +0.1%) -> converged",""
v1,e7bd16a8ad2be3cb1a245ce7fe4d8ea167164025,direct,octree_leafcount,dense_halo,ok,10,3,30,"R=10 median(total_ms)=37.68 95% CI=[37.64, 37.73] (-0.1% / +0.1%) -> converged",""
v1,e7bd16a8ad2be3cb1a245ce7fe4d8ea167164025,direct,octree_nfcount,dense_halo,ok,10,3,30,"R=10 median(total_ms)=69.56 95% CI=[69.54, 69.58] (-0.0% / +0.0%) -> converged",""
v2,ea89b79a9dfd35df20fed759e6d15c60fe01e77c,direct,octree_leafcount,dense_halo,ok,10,3,30,"R=10 median(total_ms)=32.95 95% CI=[32.92, 33] (-0.1% / +0.2%) -> converged",""
v2,ea89b79a9dfd35df20fed759e6d15c60fe01e77c,direct,octree_nfcount,dense_halo,ok,10,3,30,"R=10 median(total_ms)=61.68 95% CI=[61.62, 61.7] (-0.1% / +0.0%) -> converged",""
v3,d830fc32ff2631e4e1344dc30b3e09c3b9690bed,graph,octree_leafcount,dense_halo,ok,10,3,30,"R=10 median(total_ms)=27.92 95% CI=[27.9, 27.94] (-0.1% / +0.1%) -> converged",""
v3,d830fc32ff2631e4e1344dc30b3e09c3b9690bed,graph,octree_nfcount,dense_halo,ok,10,3,30,"R=10 median(total_ms)=40.67 95% CI=[40.64, 40.7] (-0.1% / +0.1%) -> converged",""
v3,d830fc32ff2631e4e1344dc30b3e09c3b9690bed,graph,kdtree3d_leafcount,dense_halo,ok,10,3,30,"R=10 median(total_ms)=40.53 95% CI=[40.49, 40.54] (-0.1% / +0.0%) -> converged",""
cstone,d7fddfb4f8d8ada0eb1a65d1a450a66c8cbd794c,direct,octree_leafcount,nacl,ok,10,3,30,"R=10 median(total_ms)=0.2664 95% CI=[0.2642, 0.2723] (-0.8% / +2.2%) -> converged",""
v1,e7bd16a8ad2be3cb1a245ce7fe4d8ea167164025,direct,octree_leafcount,nacl,ok,10,3,30,"R=10 median(total_ms)=0.3384 95% CI=[0.3352, 0.3412] (-0.9% / +0.9%) -> converged",""
v1,e7bd16a8ad2be3cb1a245ce7fe4d8ea167164025,direct,octree_nfcount,nacl,ok,10,3,30,"R=10 median(total_ms)=0.3379 95% CI=[0.3284, 0.3437] (-2.8% / +1.7%) -> converged",""
v2,ea89b79a9dfd35df20fed759e6d15c60fe01e77c,direct,octree_leafcount,nacl,ok,10,3,30,"R=10 median(total_ms)=0.1372 95% CI=[0.1364, 0.138] (-0.5% / +0.6%) -> converged",""
v2,ea89b79a9dfd35df20fed759e6d15c60fe01e77c,direct,octree_nfcount,nacl,ok,10,3,30,"R=10 median(total_ms)=0.1573 95% CI=[0.1553, 0.161] (-1.3% / +2.3%) -> converged",""
v3,d830fc32ff2631e4e1344dc30b3e09c3b9690bed,graph,octree_leafcount,nacl,ok,10,3,30,"R=10 median(total_ms)=0.1308 95% CI=[0.1305, 0.1323] (-0.2% / +1.1%) -> converged",""
v3,d830fc32ff2631e4e1344dc30b3e09c3b9690bed,graph,octree_nfcount,nacl,ok,10,3,30,"R=10 median(total_ms)=0.1425 95% CI=[0.1422, 0.1428] (-0.2% / +0.3%) -> converged",""
v3,d830fc32ff2631e4e1344dc30b3e09c3b9690bed,graph,kdtree3d_leafcount,nacl,ok,10,3,30,"R=10 median(total_ms)=0.1632 95% CI=[0.1622, 0.165] (-0.6% / +1.1%) -> converged",""
cstone,d7fddfb4f8d8ada0eb1a65d1a450a66c8cbd794c,direct,octree_leafcount,stmv,ok,10,3,30,"R=10 median(total_ms)=0.8656 95% CI=[0.8618, 0.8748] (-0.4% / +1.1%) -> converged",""
v1,e7bd16a8ad2be3cb1a245ce7fe4d8ea167164025,direct,octree_leafcount,stmv,ok,10,3,30,"R=10 median(total_ms)=1.136 95% CI=[1.133, 1.14] (-0.2% / +0.4%) -> converged",""
v1,e7bd16a8ad2be3cb1a245ce7fe4d8ea167164025,direct,octree_nfcount,stmv,ok,10,3,30,"R=10 median(total_ms)=1.382 95% CI=[1.378, 1.386] (-0.2% / +0.3%) -> converged",""
v2,ea89b79a9dfd35df20fed759e6d15c60fe01e77c,direct,octree_leafcount,stmv,ok,10,3,30,"R=10 median(total_ms)=0.9734 95% CI=[0.9703, 0.9773] (-0.3% / +0.4%) -> converged",""
v2,ea89b79a9dfd35df20fed759e6d15c60fe01e77c,direct,octree_nfcount,stmv,ok,10,3,30,"R=10 median(total_ms)=1.33 95% CI=[1.326, 1.333] (-0.3% / +0.3%) -> converged",""
v3,d830fc32ff2631e4e1344dc30b3e09c3b9690bed,graph,octree_leafcount,stmv,ok,10,3,30,"R=10 median(total_ms)=0.7449 95% CI=[0.7435, 0.7465] (-0.2% / +0.2%) -> converged",""
v3,d830fc32ff2631e4e1344dc30b3e09c3b9690bed,graph,octree_nfcount,stmv,ok,10,3,30,"R=10 median(total_ms)=1.004 95% CI=[0.997, 1.008] (-0.7% / +0.4%) -> converged",""
v3,d830fc32ff2631e4e1344dc30b3e09c3b9690bed,graph,kdtree3d_leafcount,stmv,ok,10,3,30,"R=10 median(total_ms)=1.373 95% CI=[1.371, 1.376] (-0.1% / +0.2%) -> converged",""
cstone,d7fddfb4f8d8ada0eb1a65d1a450a66c8cbd794c,direct,octree_leafcount,cluster,ok,10,3,30,"R=10 median(total_ms)=0.301 95% CI=[0.2998, 0.3017] (-0.4% / +0.2%) -> converged",""
v1,e7bd16a8ad2be3cb1a245ce7fe4d8ea167164025,direct,octree_leafcount,cluster,ok,10,3,30,"R=10 median(total_ms)=0.415 95% CI=[0.4135, 0.4157] (-0.4% / +0.2%) -> converged",""
v1,e7bd16a8ad2be3cb1a245ce7fe4d8ea167164025,direct,octree_nfcount,cluster,ok,10,3,30,"R=10 median(total_ms)=0.3976 95% CI=[0.3972, 0.3995] (-0.1% / +0.5%) -> converged",""
v2,ea89b79a9dfd35df20fed759e6d15c60fe01e77c,direct,octree_leafcount,cluster,ok,10,3,30,"R=10 median(total_ms)=0.1603 95% CI=[0.1598, 0.161] (-0.3% / +0.4%) -> converged",""
v2,ea89b79a9dfd35df20fed759e6d15c60fe01e77c,direct,octree_nfcount,cluster,ok,10,3,30,"R=10 median(total_ms)=0.1867 95% CI=[0.1866, 0.1869] (-0.1% / +0.1%) -> converged",""
v3,d830fc32ff2631e4e1344dc30b3e09c3b9690bed,graph,octree_leafcount,cluster,ok,10,3,30,"R=10 median(total_ms)=0.1351 95% CI=[0.1351, 0.1352] (-0.0% / +0.0%) -> converged",""
v3,d830fc32ff2631e4e1344dc30b3e09c3b9690bed,graph,octree_nfcount,cluster,ok,10,3,30,"R=10 median(total_ms)=0.155 95% CI=[0.1549, 0.155] (-0.1% / +0.1%) -> converged",""
v3,d830fc32ff2631e4e1344dc30b3e09c3b9690bed,graph,kdtree3d_leafcount,cluster,ok,10,3,30,"R=10 median(total_ms)=0.1722 95% CI=[0.1718, 0.1724] (-0.2% / +0.1%) -> converged",""
v3,d830fc32ff2631e4e1344dc30b3e09c3b9690bed,graph,octree_leafcount,cluster_full,ok,11,3,30,"R=11 median(total_ms)=0.1351 95% CI=[0.135, 0.1351] (-0.0% / +0.0%) -> converged",""
v3,d830fc32ff2631e4e1344dc30b3e09c3b9690bed,graph,octree_nfcount,cluster_full,ok,10,3,30,"R=10 median(total_ms)=0.1549 95% CI=[0.1548, 0.155] (-0.1% / +0.0%) -> converged",""
v3,d830fc32ff2631e4e1344dc30b3e09c3b9690bed,graph,kdtree3d_leafcount,cluster_full,ok,10,3,30,"R=10 median(total_ms)=0.1727 95% CI=[0.1726, 0.1727] (-0.0% / +0.0%) -> converged",""
