version,commit,path,config,dataset,run,snapshot,frame_id,tree_update_ms,view_ms,total_ms,wall_ms,attempts,maintenance_ms,iterations,num_nodes,num_leaves,max_depth,max_depth_octree_equiv,num_empty_leaves,empty_leaf_pct,avg_particles_per_leaf,particles_active,particles_escaped,particle_slots,lib_num_nodes
v2,ea89b79a9dfd35df20fed759e6d15c60fe01e77c,direct,octree_leafcount,cluster,10,0,0,nan,nan,nan,nan,0,0,-1,849,743,10,10,100,13.4589502,13.4589502,10000,0,10000,849
v2,ea89b79a9dfd35df20fed759e6d15c60fe01e77c,direct,octree_leafcount,cluster,10,1,1,0.1192319989,0.05359999835,0.1737280041,0.178368,1,0,-1,833,729,10,10,101,13.85459534,13.71742112,10000,0,10000,833
v2,ea89b79a9dfd35df20fed759e6d15c60fe01e77c,direct,octree_leafcount,cluster,10,2,2,0.1128000021,0.05043200031,0.1641280055,0.168488,1,0,-1,849,743,10,10,103,13.86271871,13.4589502,10000,0,10000,849
v2,ea89b79a9dfd35df20fed759e6d15c60fe01e77c,direct,octree_leafcount,cluster,10,3,3,0.1112639979,0.04761600122,0.1597760022,0.163988,1,0,-1,833,729,10,10,102,13.99176955,13.71742112,10000,0,10000,833
v2,ea89b79a9dfd35df20fed759e6d15c60fe01e77c,direct,octree_leafcount,cluster,10,4,4,0.1146880016,0.04838399962,0.1639679968,0.168208,1,0,-1,849,743,10,10,102,13.72812921,13.4589502,10000,0,10000,849
v2,ea89b79a9dfd35df20fed759e6d15c60fe01e77c,direct,octree_leafcount,cluster,10,5,5,0.1143039986,0.04761600122,0.1627839953,0.167224,1,0,-1,841,736,10,10,101,13.72282609,13.58695652,10000,0,10000,841
v2,ea89b79a9dfd35df20fed759e6d15c60fe01e77c,direct,octree_leafcount,cluster,10,6,6,0.1135360003,0.04953600094,0.163936004,0.168645,1,0,-1,833,729,10,10,102,13.99176955,13.71742112,10000,0,10000,833
v2,ea89b79a9dfd35df20fed759e6d15c60fe01e77c,direct,octree_leafcount,cluster,10,7,7,0.1112639979,0.05062400177,0.1627520025,0.166939,1,0,-1,825,722,10,10,101,13.98891967,13.85041551,10000,0,10000,825
v2,ea89b79a9dfd35df20fed759e6d15c60fe01e77c,direct,octree_leafcount,cluster,10,8,8,0.1160319969,0.04944000021,0.166336,0.170579,1,0,-1,817,715,10,10,101,14.12587413,13.98601399,10000,0,10000,817
v2,ea89b79a9dfd35df20fed759e6d15c60fe01e77c,direct,octree_leafcount,cluster,10,9,9,0.1113599986,0.04649600014,0.1587519944,0.163435,1,0,-1,857,750,10,10,101,13.46666667,13.33333333,10000,0,10000,857
v2,ea89b79a9dfd35df20fed759e6d15c60fe01e77c,direct,octree_leafcount,cluster,10,10,10,0.1109120026,0.04553600028,0.1573439986,0.161954,1,0,-1,857,750,10,10,101,13.46666667,13.33333333,10000,0,10000,857
v2,ea89b79a9dfd35df20fed759e6d15c60fe01e77c,direct,octree_leafcount,cluster,10,11,11,0.1093759984,0.04639999941,0.1566720009,0.160954,1,0,-1,865,757,10,10,101,13.34214003,13.21003963,10000,0,10000,865
v2,ea89b79a9dfd35df20fed759e6d15c60fe01e77c,direct,octree_leafcount,cluster,10,12,12,0.1123839989,0.04643199965,0.1597120017,0.164212,1,0,-1,873,764,10,10,101,13.21989529,13.08900524,10000,0,10000,873
v2,ea89b79a9dfd35df20fed759e6d15c60fe01e77c,direct,octree_leafcount,cluster,10,13,13,0.1127360016,0.04764800146,0.1612800062,0.165587,1,0,-1,833,729,10,10,101,13.85459534,13.71742112,10000,0,10000,833
v2,ea89b79a9dfd35df20fed759e6d15c60fe01e77c,direct,octree_leafcount,cluster,10,14,14,0.1127040014,0.04732799903,0.1608960032,0.165532,1,0,-1,809,708,10,10,101,14.26553672,14.12429379,10000,0,10000,809
v2,ea89b79a9dfd35df20fed759e6d15c60fe01e77c,direct,octree_leafcount,cluster,10,15,15,0.1114879996,0.04649600014,0.1588799953,0.163285,1,0,-1,809,708,10,10,101,14.26553672,14.12429379,10000,0,10000,809
v2,ea89b79a9dfd35df20fed759e6d15c60fe01e77c,direct,octree_leafcount,cluster,10,16,16,0.1117120013,0.0492159985,0.1618240029,0.166261,1,0,-1,817,715,10,10,100,13.98601399,13.98601399,10000,0,10000,817
v2,ea89b79a9dfd35df20fed759e6d15c60fe01e77c,direct,octree_leafcount,cluster,10,17,17,0.1116160005,0.04752000049,0.1600320041,0.164356,1,0,-1,825,722,10,10,100,13.85041551,13.85041551,10000,0,10000,825
v2,ea89b79a9dfd35df20fed759e6d15c60fe01e77c,direct,octree_leafcount,cluster,10,18,18,0.1124159992,0.04656000063,0.1598719954,0.164432,1,0,-1,817,715,10,10,102,14.26573427,13.98601399,10000,0,10000,817
v2,ea89b79a9dfd35df20fed759e6d15c60fe01e77c,direct,octree_leafcount,cluster,10,19,19,0.1087680012,0.04768000171,0.1573439986,0.161629,1,0,-1,825,722,9,9,105,14.54293629,13.85041551,10000,0,10000,825
v2,ea89b79a9dfd35df20fed759e6d15c60fe01e77c,direct,octree_leafcount,cluster,10,20,20,0.1113919988,0.05763199925,0.1699199975,0.17441,1,0,-1,841,736,10,10,106,14.40217391,13.58695652,10000,0,10000,841
v2,ea89b79a9dfd35df20fed759e6d15c60fe01e77c,direct,octree_leafcount,cluster,10,21,21,0.1110400036,0.04758400097,0.1595200002,0.163793,1,0,-1,833,729,9,9,104,14.26611797,13.71742112,10000,0,10000,833
v2,ea89b79a9dfd35df20fed759e6d15c60fe01e77c,direct,octree_leafcount,cluster,10,22,22,0.1095039994,0.04716800153,0.1575679928,0.161885,1,0,-1,841,736,10,10,101,13.72282609,13.58695652,10000,0,10000,841
v2,ea89b79a9dfd35df20fed759e6d15c60fe01e77c,direct,octree_leafcount,cluster,10,23,23,0.1105279997,0.047456,0.1588799953,0.163094,1,0,-1,809,708,9,9,103,14.5480226,14.12429379,10000,0,10000,809
v2,ea89b79a9dfd35df20fed759e6d15c60fe01e77c,direct,octree_leafcount,cluster,10,24,24,0.1117440015,0.04639999941,0.159040004,0.163329,1,0,-1,809,708,9,9,106,14.97175141,14.12429379,10000,0,10000,809
v2,ea89b79a9dfd35df20fed759e6d15c60fe01e77c,direct,octree_leafcount,cluster,10,25,25,0.1117120013,0.04649600014,0.1590719968,0.16353,1,0,-1,817,715,9,9,104,14.54545455,13.98601399,10000,0,10000,817
v2,ea89b79a9dfd35df20fed759e6d15c60fe01e77c,direct,octree_leafcount,cluster,10,26,26,0.1120639965,0.04851200059,0.1614719927,0.166154,1,0,-1,817,715,9,9,102,14.26573427,13.98601399,10000,0,10000,817
v2,ea89b79a9dfd35df20fed759e6d15c60fe01e77c,direct,octree_leafcount,cluster,10,27,27,0.1094079986,0.04739199951,0.1576959938,0.161807,1,0,-1,841,736,9,9,101,13.72282609,13.58695652,10000,0,10000,841
v2,ea89b79a9dfd35df20fed759e6d15c60fe01e77c,direct,octree_leafcount,cluster,10,28,28,0.1111359969,0.04732799903,0.1593600065,0.163761,1,0,-1,825,722,9,9,100,13.85041551,13.85041551,10000,0,10000,825
v2,ea89b79a9dfd35df20fed759e6d15c60fe01e77c,direct,octree_leafcount,cluster,10,29,29,0.1119040027,0.04860800132,0.1613440067,0.165859,1,0,-1,817,715,9,9,100,13.98601399,13.98601399,10000,0,10000,817
v2,ea89b79a9dfd35df20fed759e6d15c60fe01e77c,direct,octree_leafcount,cluster,10,30,30,0.1135680005,0.04729599878,0.1617600024,0.166484,1,0,-1,801,701,9,9,100,14.26533524,14.26533524,10000,0,10000,801
v2,ea89b79a9dfd35df20fed759e6d15c60fe01e77c,direct,octree_leafcount,cluster,10,31,31,0.1120000035,0.0466880016,0.1595840007,0.163878,1,0,-1,849,743,9,9,100,13.4589502,13.4589502,10000,0,10000,849
v2,ea89b79a9dfd35df20fed759e6d15c60fe01e77c,direct,octree_leafcount,cluster,10,32,32,0.1124159992,0.04742399976,0.1607359946,0.165036,1,0,-1,801,701,9,9,100,14.26533524,14.26533524,10000,0,10000,801
v2,ea89b79a9dfd35df20fed759e6d15c60fe01e77c,direct,octree_leafcount,cluster,10,33,33,0.1105599999,0.04752000049,0.1589760035,0.163375,1,0,-1,809,708,9,9,100,14.12429379,14.12429379,10000,0,10000,809
v2,ea89b79a9dfd35df20fed759e6d15c60fe01e77c,direct,octree_leafcount,cluster,10,34,34,0.1114879996,0.04643199965,0.1588159949,0.163383,1,0,-1,817,715,9,9,100,13.98601399,13.98601399,10000,0,10000,817
v2,ea89b79a9dfd35df20fed759e6d15c60fe01e77c,direct,octree_leafcount,cluster,10,35,35,0.1082239971,0.04560000077,0.1547199935,0.159107,1,0,-1,801,701,9,9,100,14.26533524,14.26533524,10000,0,10000,801
v2,ea89b79a9dfd35df20fed759e6d15c60fe01e77c,direct,octree_leafcount,cluster,10,36,36,0.1127680019,0.04550400004,0.1591359973,0.163523,1,0,-1,817,715,9,9,99,13.84615385,13.98601399,10000,0,10000,817
v2,ea89b79a9dfd35df20fed759e6d15c60fe01e77c,direct,octree_leafcount,cluster,10,37,37,0.110303998,0.04649600014,0.1576319933,0.16205,1,0,-1,809,708,9,9,99,13.98305085,14.12429379,10000,0,10000,809
v2,ea89b79a9dfd35df20fed759e6d15c60fe01e77c,direct,octree_leafcount,cluster,10,38,38,0.1111039966,0.047456,0.1594559997,0.164284,1,0,-1,801,701,9,9,100,14.26533524,14.26533524,10000,0,10000,801
v2,ea89b79a9dfd35df20fed759e6d15c60fe01e77c,direct,octree_leafcount,cluster,10,39,39,0.1091519967,0.04665600136,0.1567039937,0.16095,1,0,-1,817,715,9,9,99,13.84615385,13.98601399,10000,0,10000,817
v2,ea89b79a9dfd35df20fed759e6d15c60fe01e77c,direct,octree_leafcount,cluster,10,40,40,0.1122239977,0.04848000035,0.1615999937,0.165903,1,0,-1,849,743,9,9,98,13.1897712,13.4589502,10000,0,10000,849
v2,ea89b79a9dfd35df20fed759e6d15c60fe01e77c,direct,octree_leafcount,cluster,10,41,41,0.1110400036,0.04972799867,0.1616320014,0.166299,1,0,-1,833,729,9,9,98,13.4430727,13.71742112,10000,0,10000,833
v2,ea89b79a9dfd35df20fed759e6d15c60fe01e77c,direct,octree_leafcount,cluster,10,42,42,0.1107200012,0.04748800024,0.1591040045,0.163458,1,0,-1,809,708,9,9,97,13.70056497,14.12429379,10000,0,10000,809
v2,ea89b79a9dfd35df20fed759e6d15c60fe01e77c,direct,octree_leafcount,cluster,10,43,43,0.1108160019,0.04639999941,0.1581120044,0.162294,1,0,-1,793,694,9,9,95,13.68876081,14.4092219,10000,0,10000,793
v2,ea89b79a9dfd35df20fed759e6d15c60fe01e77c,direct,octree_leafcount,cluster,10,44,44,0.112127997,0.04867200181,0.1616960019,0.165861,1,0,-1,825,722,9,9,94,13.01939058,13.85041551,10000,0,10000,825
v2,ea89b79a9dfd35df20fed759e6d15c60fe01e77c,direct,octree_leafcount,cluster,10,45,45,0.110303998,0.04732799903,0.1585280001,0.163028,1,0,-1,817,715,9,9,94,13.14685315,13.98601399,10000,0,10000,817
v2,ea89b79a9dfd35df20fed759e6d15c60fe01e77c,direct,octree_leafcount,cluster,10,46,46,0.1140799969,0.04598399997,0.1609600037,0.165291,1,0,-1,801,701,9,9,93,13.26676177,14.26533524,10000,0,10000,801
v2,ea89b79a9dfd35df20fed759e6d15c60fe01e77c,direct,octree_leafcount,cluster,10,47,47,0.1111039966,0.04739199951,0.1593919992,0.163569,1,0,-1,801,701,9,9,92,13.12410842,14.26533524,10000,0,10000,801
v2,ea89b79a9dfd35df20fed759e6d15c60fe01e77c,direct,octree_leafcount,cluster,10,48,48,0.1124479994,0.04652800038,0.1598719954,0.164054,1,0,-1,817,715,9,9,91,12.72727273,13.98601399,10000,0,10000,817
v2,ea89b79a9dfd35df20fed759e6d15c60fe01e77c,direct,octree_leafcount,cluster,10,49,49,0.1107520014,0.04828799888,0.1598719954,0.164262,1,0,-1,809,708,9,9,91,12.85310734,14.12429379,10000,0,10000,809
v2,ea89b79a9dfd35df20fed759e6d15c60fe01e77c,direct,octree_leafcount,cluster,10,50,50,0.112127997,0.04649600014,0.1595200002,0.164103,1,0,-1,841,736,9,9,90,12.22826087,13.58695652,10000,0,10000,841
v2,ea89b79a9dfd35df20fed759e6d15c60fe01e77c,direct,octree_leafcount,cluster,10,51,51,0.1105279997,0.04966399819,0.161055997,0.165256,1,0,-1,817,715,9,9,88,12.30769231,13.98601399,10000,0,10000,817
v2,ea89b79a9dfd35df20fed759e6d15c60fe01e77c,direct,octree_leafcount,cluster,10,52,52,0.1121919975,0.04848000035,0.1615680009,0.165949,1,0,-1,809,708,9,9,88,12.42937853,14.12429379,10000,0,10000,809
