dataset,version,config,path,median_total_ms,ci_low,ci_high,n_steps,median_tree_update_ms,median_view_ms,median_wall_ms,speedup_vs_cstone,R,status
cluster,cstone,octree_leafcount,direct,0.30100800095,0.2997759879,0.3016639948,520.0,0.21719999615000002,0.08275199682,0.334271,1.0,10.0,ok
cluster,v3,octree_leafcount,graph,0.1351359934,0.1350719929,0.1351999938,520.0,0.09907200187,0.03299200162,0.143562,2.227445060170032,10.0,ok
cluster,v1,octree_nfcount,direct,0.39756800235,0.3972479999,0.3994559944,520.0,0.1461760029,0.25323200225,0.4019435,0.7571233076373356,10.0,ok
cluster,v2,octree_nfcount,direct,0.1867199987,0.18660800155,0.1869120002,520.0,0.1380319968,0.047695999965,0.191083,1.6120822785224238,10.0,ok
cluster,v3,octree_nfcount,graph,0.15495999900000001,0.1548800021,0.1550399959,520.0,0.1175040007,0.03289600089,0.1645035,1.9424884027651548,10.0,ok
cluster_full,cstone,octree_leafcount,,,,,,,,,,,not run
cluster_full,v3,octree_leafcount,graph,0.1350719929,0.1350400001,0.1351040006,2200.0,0.09896000102,0.03299200162,0.143525,,11.0,ok
cluster_full,v1,octree_nfcount,,,,,,,,,,,not run
cluster_full,v2,octree_nfcount,,,,,,,,,,,not run
cluster_full,v3,octree_nfcount,graph,0.1549440026,0.15484837932277584,0.1549759954,2000.0,0.1175680012,0.03289600089,0.16212300000000002,,10.0,ok
coulomb_explosion,cstone,octree_leafcount,direct,0.40462400015,0.4036160111,0.4062080085,70870.0,0.2511680126,0.1575040072,0.443639,1.0,10.0,ok
coulomb_explosion,v3,octree_leafcount,graph,0.1702719927,0.1702080071,0.1703359932,70870.0,0.1237440035,0.04300799966,0.182704,2.3763391367768962,10.0,ok
coulomb_explosion,v1,octree_nfcount,direct,0.4056639969,0.4054365561953954,0.4060479999,70870.0,0.1692479998,0.2293120027,0.4110825,0.9974363099561523,10.0,ok
coulomb_explosion,v2,octree_nfcount,direct,0.2395199984,0.2393919975,0.2396800071,70870.0,0.1815360039,0.05577600002,0.2449055,1.6893119691587306,10.0,ok
coulomb_explosion,v3,octree_nfcount,graph,0.2205439955,0.2199999988,0.2209279984,70870.0,0.1725759953,0.04291199893,0.231068,1.8346634159441442,10.0,ok
dense_halo,cstone,octree_leafcount,direct,27.872528080000002,27.8465271,27.889759059999996,10.0,26.51281643,1.3593760135,27.9376245,1.0,10.0,ok
dense_halo,v3,octree_leafcount,graph,27.920207974999997,27.900383945,27.93574333,10.0,19.124048235,8.787967682,27.9354555,0.9982922800917999,10.0,ok
dense_halo,v1,octree_nfcount,direct,69.55720138500001,69.54393768,69.58067322,10.0,57.965568545,11.59617615,69.566496,0.40071376543350556,10.0,ok
dense_halo,v2,octree_nfcount,direct,61.675582885,61.61814499,61.699151994999994,10.0,53.84451294,7.814479828,61.683636,0.4519215997029325,10.0,ok
dense_halo,v3,octree_nfcount,graph,40.673839564999994,40.64185715,40.698976515,10.0,32.88150405499999,7.7793281075,40.689869,0.6852691650970769,10.0,ok
flyby,cstone,octree_leafcount,direct,0.9776639938,0.9763200283,0.9794560075,12000.0,0.74532797935,0.2231199965,1.0343585000000002,1.0,10.0,ok
flyby,v3,octree_leafcount,graph,0.4662719965,0.4660480022,0.46652799840000003,12000.0,0.3153600097,0.1433600038,0.481066,2.096767554428931,10.0,ok
flyby,v1,octree_nfcount,direct,1.933599949,1.930271983,1.9355999824999999,12000.0,1.535168052,0.4806399941,1.941193,0.5056185455040059,10.0,ok
flyby,v2,octree_nfcount,direct,1.13823998,1.137727976,1.138847947,12000.0,0.9788799882,0.1581760049,1.145429,0.8589260709327746,10.0,ok
flyby,v3,octree_nfcount,graph,0.7246080041,0.7243199944,0.724767983,12000.0,0.5796800256,0.1351999938,0.740327,1.3492315683350868,10.0,ok
nacl,cstone,octree_leafcount,direct,0.26639999444999996,0.2641919851,0.2722879946,10.0,0.1705600023,0.09395200013999999,0.3049075,1.0,10.0,ok
nacl,v3,octree_leafcount,graph,0.1307680011,0.1304959953,0.1322560012,10.0,0.09479999915000001,0.03254399821,0.138839,2.0371955846161507,10.0,ok
nacl,v1,octree_nfcount,direct,0.33791999515000004,0.3283520043,0.3437440097,10.0,0.10023999957,0.23601600525,0.342384,0.7883522676181002,10.0,ok
nacl,v2,octree_nfcount,direct,0.1573279947,0.1553280056,0.160992004,10.0,0.10126399994999999,0.05411199853,0.1620725,1.693277759994229,10.0,ok
nacl,v3,octree_nfcount,graph,0.14246400445000001,0.1422400028,0.1428320035,10.0,0.10649599879999999,0.03254399821,0.150387,1.8699459942774332,10.0,ok
stmv,cstone,octree_leafcount,direct,0.8656319976,0.86176002025,0.8747839927999999,10.0,0.66291198135,0.1996639967,0.9235585,1.0,10.0,ok
stmv,v3,octree_leafcount,graph,0.74492800235,0.7435039878,0.7464960217,10.0,0.5684480071,0.16795200105,0.756162,1.1620344447640834,10.0,ok
stmv,v1,octree_nfcount,direct,1.3818240165,1.3783999685000001,1.386464,10.0,1.034223974,0.3463039994,1.3892164999999999,0.6264415636605778,10.0,ok
stmv,v2,octree_nfcount,direct,1.3297600150000002,1.326192021,1.3334079985,10.0,1.127344012,0.1994559988,1.336404,0.6509685866889297,10.0,ok
stmv,v3,octree_nfcount,graph,1.003791988,0.9969599843,1.00751996,10.0,0.8201919794000001,0.1760960072,1.0173285,0.8623619315040798,10.0,ok
